customer_id,customer_name,age,home_address,zip_code,city,state,country
1,Leanna Busson,30,8606 Victoria TerraceSuite 560,5464,Johnstonhaven,Northern Territory,Australia
2,Zabrina Harrowsmith,69,8327 Kirlin SummitApt. 461,8223,New Zacharyfort,South Australia,Australia
3,Shina Dullaghan,59,269 Gemma SummitSuite 109,5661,Aliburgh,Australian Capital Territory,Australia
4,Hewet McVitie,67,743 Bailey GroveSuite 141,1729,South Justinhaven,Queensland,Australia
5,Rubia Ashleigh,30,48 Hyatt ManorSuite 375,4032,Griffithsshire,Queensland,Australia
6,Cordey Tolcher,40,7118 Mccullough SquareSuite 639,9996,Blakehaven,New South Wales,Australia
7,Winslow Ewbanck,76,92 Hills Station StApt. 683,793,Masonfurt,Queensland,Australia
8,Marlowe Wynn,75,383 Muller SummitSuite 809,7681,Samside,Northern Territory,Australia
9,Brittaney Gontier,51,57 Greenfelder HillApt. 077,2,Beierport,Northern Territory,Australia
10,Susanetta Wilshin,70,615 Hayley KnollSuite 454,2118,Joelburgh,Western Australia,Australia
11,Michaeline McIndrew,39,96 Daniel PlaceSuite 898,7400,Georgeland,Northern Territory,Australia
12,Fedora Dmych,78,66 Kayla MewsSuite 951,6334,Taylorburgh,South Australia,Australia
13,Marabel Swinfon,42,16 Kuhn LoopSuite 442,6170,Maddisonmouth,Queensland,Australia
14,Chrissie Wackly,36,403 Doherty RunSuite 497,2050,North Benjaminville,New South Wales,Australia
15,Avril Rossiter,34,254 Ali RidgeApt. 350,491,Kiehnburgh,Western Australia,Australia
16,Gabbie Aldwinckle,75,424 Mason PlaceApt. 181,6438,New Kai,Victoria,Australia
17,Devonna Cutting,32,29 Imogen CrestSuite 275,8309,Lake Graceside,Australian Capital Territory,Australia
18,Chan Duchesne,79,13 Bailey ManorApt. 848,7171,Walterland,New South Wales,Australia
19,Chadwick Cruddas,41,002 Beau PlazaApt. 308,7053,West Bailey,Victoria,Australia
20,Gigi Kalaher,55,2069 Phoebe MallApt. 543,6318,East Audrey,South Australia,Australia
21,Seana Hearons,31,93 Doherty MewsSuite 649,1133,South Callum,Tasmania,Australia
22,Blayne Sabatier,20,292 Casper IslandSuite 778,6624,Maxberg,Victoria,Australia
23,Alair Grimwad,32,682 Rose CircleApt. 514,1832,North Mia,Tasmania,Australia
24,Rici Fogden,49,75 Williamson MewsSuite 864,4359,Charliebury,Northern Territory,Australia
25,Ernaline Luce,75,02 Gabriella PlazaApt. 474,9311,Olivershire,Victoria,Australia
26,Timothy Compston,50,499 Darcy CrestApt. 192,8816,New Oliverside,New South Wales,Australia
27,Jayme Turvie,55,6578 Kayla AvenueSuite 812,3462,Lake Alanafort,Western Australia,Australia
28,Hadley Baddam,79,360 Heller DriveApt. 052,5820,West Noah,Queensland,Australia
29,Tyrus Pitkaithly,20,52 Kayla CircuitSuite 332,5308,North Matildamouth,Queensland,Australia
30,Bernice Grindle,38,612 Jessica TerraceApt. 847,7110,Jetttown,Australian Capital Territory,Australia
31,Tammara Dionisetti,36,471 Bahringer ManorApt. 236,756,Dickensberg,Northern Territory,Australia
32,Devlin Labet,32,98 Becker LoopApt. 567,1822,Port Archiemouth,Queensland,Australia
33,Luca Hantusch,44,639 Farrell HillSuite 093,4116,Chaseshire,South Australia,Australia
34,Ninon Corteney,55,09 Robinson SquareApt. 647,5387,Sauerfort,Western Australia,Australia
35,Adamo Saddington,80,3168 Bartoletti CrescentSuite 878,593,Port Lucas,Queensland,Australia
36,Xever Giacomelli,27,41 Durgan IslandApt. 820,5691,Hamishfurt,Queensland,Australia
37,Zulema Teml,75,3307 Walsh JunctionSuite 233,9751,Violetville,Western Australia,Australia
38,Joly Hagley,34,2958 Dooley Station StSuite 879,1920,Lake Lilly,Australian Capital Territory,Australia
39,Legra Neaverson,80,7440 Cameron Estate DrSuite 628,4622,North Victoriachester,Northern Territory,Australia
40,Regan Gronaller,59,9484 Amelia View RdApt. 760,9767,Port Claudia,New South Wales,Australia
41,Hana Stitch,65,647 Violet Estate DrSuite 364,4320,Port Ella,New South Wales,Australia
42,Horatius Genever,37,778 Wilkinson RidgeSuite 101,268,Gabriellatown,Victoria,Australia
43,Rodie Klaiser,34,75 Keeling JunctionSuite 483,1490,South Kaiview,Queensland,Australia
44,Avivah Chipchase,60,6308 Amelie MeadowSuite 634,9842,Eliburgh,Tasmania,Australia
45,Vicki Stockwell,27,3101 Thomson ManorApt. 600,1796,Leofurt,Australian Capital Territory,Australia
46,Meris Twitty,68,708 Daniel MeadowSuite 246,5087,Bartolettiside,Australian Capital Territory,Australia
47,Jarrett Brumby,54,59 Wood DriveSuite 806,9780,Lake Nicholasfurt,Western Australia,Australia
48,Ronnie Shiril,79,78 Nguyen MallApt. 116,4761,Heathcotemouth,New South Wales,Australia
49,Shanna Pietrzyk,56,30 Watson WayApt. 179,2511,Port Alyssa,Queensland,Australia
50,Moore Oolahan,63,13 Stokes SummitApt. 125,5725,East Aidan,Western Australia,Australia
51,Kayley Brosoli,52,59 Hand ManorApt. 544,6322,South Evaport,Northern Territory,Australia
52,Marena Lockhart,47,012 Cooper MallApt. 259,841,Chelseahaven,Victoria,Australia
53,Reinhold Gooble,51,9369 Casper Estate DrApt. 122,9225,Lake Kaylastad,South Australia,Australia
54,Tore Caras,62,2912 Adams JunctionSuite 740,5575,West Alyssa,Queensland,Australia
55,Giles Kyne,45,91 Angelina RidgeApt. 435,9871,Lake Phoenixside,South Australia,Australia
56,Vinny Niland,33,673 Amelie MewsApt. 346,6829,Brownburgh,New South Wales,Australia
57,Anne-corinne Enrich,65,84 Natalie RunSuite 762,614,Kellyshire,Australian Capital Territory,Australia
58,Aurie Margett,39,260 Lily PassSuite 549,2783,Amelieburgh,New South Wales,Australia
59,Martita Quakley,58,629 Hoppe BoulevardSuite 590,7934,Boylefort,New South Wales,Australia
60,Hyacinth Pepper,20,8095 Kuhlman StreetApt. 657,4907,New Callum,Tasmania,Australia
61,Lin Avraam,65,00 Zachary AvenueApt. 781,4358,Samuelland,South Australia,Australia
62,Denice Ledrane,32,049 Imogen StreetSuite 299,2404,New Beaumouth,Australian Capital Territory,Australia
63,Kleon Trobey,78,013 Edward ParadeApt. 499,5140,Kossfort,Victoria,Australia
64,Annabella Devote,75,4927 Alice MeadowApt. 960,7787,Sanfordborough,South Australia,Australia
65,Bertine Puddefoot,64,650 Gabriel MeadowSuite 946,5937,Feilchester,South Australia,Australia
66,Vasili Shearston,34,6677 Gemma PlazaApt. 314,964,South Elimouth,South Australia,Australia
67,Reta Jefferies,59,928 Johnson View RdApt. 583,5630,Lucamouth,South Australia,Australia
68,Willa Gaisford,23,373 Little JunctionApt. 299,6751,West Justin,Western Australia,Australia
69,Tiphany Peacop,79,473 Leo CourtSuite 784,8820,East Sofia,Victoria,Australia
70,Dulcea Shrawley,48,026 D'amore RunSuite 187,770,Codyview,Northern Territory,Australia
71,Tana Pawley,63,50 Stella CourtSuite 087,1365,Lake Holly,Western Australia,Australia
72,Marinna Heal,42,95 Justin PlaceApt. 441,5160,Braunhaven,Tasmania,Australia
73,Jehanna Water,48,672 Graham MewsApt. 407,5208,Monahanside,South Australia,Australia
74,Tracy Ebenezer,79,3263 Parisian PlaceSuite 811,7803,West Jesseton,Northern Territory,Australia
75,Katinka Currier,75,96 Caitlin HillSuite 366,9777,Smythland,South Australia,Australia
76,Chandra Carine,51,1805 Harry RoadApt. 445,2030,Hellermouth,New South Wales,Australia
77,Angela Kester,62,63 Tremblay BoulevardApt. 688,1102,Chloeville,South Australia,Australia
78,Jethro Pollak,38,7812 Towne GroveSuite 233,7232,Lake Alihaven,Northern Territory,Australia
79,Persis Spiteri,46,844 Alana LaneApt. 225,1862,Sofiaberg,Australian Capital Territory,Australia
80,Opal Bermingham,65,516 Grant RunSuite 000,6903,Port Mason,Victoria,Australia
81,Lanny Wardale,30,4870 Jackson SummitApt. 538,1915,Spencerborough,Western Australia,Australia
82,Laina Baudains,53,44 Oliver CourtApt. 045,9603,Elizabethfort,Northern Territory,Australia
83,Kayne Fraczkiewicz,40,9662 Isaac MallSuite 490,7525,Walshland,Northern Territory,Australia
84,Minta Loble,63,195 Wilson HillApt. 597,7587,Lake Paigemouth,Northern Territory,Australia
85,Cornie Virr,27,41 Feeney ParkwaySuite 074,4401,East Chelsea,Northern Territory,Australia
86,Corinna Maystone,76,040 Savannah GroveSuite 967,9337,Gleasonport,Tasmania,Australia
87,Barbara-anne Salerg,53,384 Hayley View RdSuite 949,1780,Savannahland,Northern Territory,Australia
88,Kendall Jakubski,78,331 Leah Station StSuite 445,3111,Port Liam,South Australia,Australia
89,Matthiew Hinckes,51,1290 Koch GroveApt. 799,1443,Lake Hannah,Queensland,Australia
90,Warner Chevin,40,89 Patrick CrescentSuite 049,6684,West Georgiachester,New South Wales,Australia
91,Keen Murrhaupt,72,110 Isaac JunctionApt. 205,7110,Lillyburgh,Victoria,Australia
92,Hillary Guiness,27,74 Eva TerraceSuite 247,564,Harrismouth,Queensland,Australia
93,Law Foker,66,4715 Hand View RdSuite 955,4739,Colestad,Queensland,Australia
94,Otha Skein,46,368 Morrison MeadowApt. 117,1037,East Isla,Western Australia,Australia
95,Pierre Rockwill,33,09 Doyle MallApt. 066,3891,Port Jordan,Western Australia,Australia
96,Garvy Davioud,41,461 Nader LaneApt. 460,2012,Hudsontown,New South Wales,Australia
97,Dean McLarty,39,6303 Nate BoulevardSuite 368,2815,North Ellabury,Northern Territory,Australia
98,Kenyon Lemerle,78,772 Chloe MeadowSuite 666,2945,East Siennaview,Queensland,Australia
99,Benji Vineall,75,468 Shields CircleApt. 480,296,Port Madelineberg,Tasmania,Australia
100,Wilhelm Blaber,69,093 Jessica AvenueSuite 154,768,Lake Callumville,Queensland,Australia
101,Gerard Gilkison,38,452 Nathan ParadeSuite 988,9867,North William,Queensland,Australia
102,Hurleigh Sieb,32,1737 Schroeder LoopSuite 349,6848,Port Sarah,Queensland,Australia
103,Monica Teodorski,77,100 Stokes ParkwayApt. 307,2603,South Nathan,South Australia,Australia
104,Nanny Franey,73,9268 Swift SummitSuite 218,7112,Joelland,Australian Capital Territory,Australia
105,Madelin Matityahu,71,29 Ward MeadowSuite 626,8645,East Aidan,South Australia,Australia
106,Rachel Colebrook,38,6553 Gibson AvenueSuite 245,7712,Stokestown,Australian Capital Territory,Australia
107,Sandy Yushachkov,35,20 Morrison RoadSuite 781,7264,Claudiaview,Western Australia,Australia
108,Merrill Care,57,7285 Mason BoulevardSuite 754,1392,Port Rosemouth,Queensland,Australia
109,Karoly Wadge,72,78 Ruby WayApt. 351,614,North Chelseaport,Tasmania,Australia
110,Giralda Trewin,65,656 Abigail KnollApt. 083,8132,Bartolettifurt,Western Australia,Australia
111,Eada Viccary,52,72 George CourtApt. 482,1091,North Edwardshire,Northern Territory,Australia
112,Hadlee Douthwaite,42,19 Lola View RdApt. 937,9698,West Hamish,South Australia,Australia
113,Hew Cardinal,57,29 David JunctionApt. 733,3303,North Ruby,South Australia,Australia
114,Cecile Jayume,30,14 James ParkwayApt. 286,9798,Williamsville,South Australia,Australia
115,Adair Ruddoch,28,629 Stephanie JunctionApt. 475,5137,East Savannah,Northern Territory,Australia
116,Erik Osgar,35,6022 Jonathan TrackSuite 607,8590,Zacharyborough,Northern Territory,Australia
117,Alexei Hurburt,75,0544 Zoe CourtSuite 153,2398,New Ellieland,Tasmania,Australia
118,Meghan Simic,57,164 Fisher RidgeSuite 516,9963,South Cameron,Australian Capital Territory,Australia
119,Margeaux Getley,65,6711 Jasper View RdApt. 199,8401,Eviemouth,Western Australia,Australia
120,Didi Garton,60,13 Ivy BoulevardSuite 234,3554,Carterbury,Queensland,Australia
121,Nollie Yorath,26,1823 Hannah BoulevardSuite 778,9311,Violetport,Queensland,Australia
122,Katey Dubbin,71,1443 Doherty View RdSuite 697,935,South Caleb,South Australia,Australia
123,Yardley Dreamer,22,8083 Paterson RoadApt. 211,1149,Jordanborough,Tasmania,Australia
124,Pate De Ambrosis,54,65 Eli AvenueApt. 473,4983,Donnellyfort,New South Wales,Australia
125,Lesli Pitfield,77,617 Scarlett BoulevardApt. 858,8870,Angelinaville,Tasmania,Australia
126,Hashim Banes,48,07 Johnson MallSuite 458,9110,West Jaydenfort,Tasmania,Australia
127,Merl Gayforth,30,769 Gibson TrailApt. 359,3708,South Adam,Western Australia,Australia
128,Daisy Camillo,48,5310 Lewis TrailApt. 715,2240,Jacobsland,Northern Territory,Australia
129,Beatrisa Winterscale,68,74 Ryan CircleSuite 426,1790,Port Harrychester,Western Australia,Australia
130,Jeniece Dumbare,71,7602 Weber CourtSuite 409,6215,New Leahside,South Australia,Australia
131,Stephanus Torbett,33,74 Shields Estate DrSuite 112,3891,Port Annaborough,South Australia,Australia
132,Christian Simko,26,782 King Station StApt. 193,4352,Huelmouth,New South Wales,Australia
133,Bette-ann Harteley,49,051 O'conner Station StSuite 626,6661,Shieldsside,Tasmania,Australia
134,Raul Pockey,64,178 Smitham GroveSuite 638,6036,South Hannah,Victoria,Australia
135,Mycah Rodie,25,3087 Victoria DriveApt. 454,3184,Port Abigail,Western Australia,Australia
136,Camala Bradbeer,38,7895 Ava HillApt. 172,1028,Sofiashire,Western Australia,Australia
137,Fin Betjes,29,5267 Oscar WayApt. 415,5184,North Zaraview,Western Australia,Australia
138,Lorna Srawley,62,961 Evie ParadeApt. 534,2238,Audreyberg,Australian Capital Territory,Australia
139,Vida Matchitt,73,69 Aiden ParkwaySuite 721,8569,Hudsonberg,Australian Capital Territory,Australia
140,Frankie Wewell,43,092 Jayden JunctionSuite 148,1058,Lukemouth,New South Wales,Australia
141,Jewelle Gatiss,25,578 Connor GroveApt. 944,457,Lake Aidenhaven,Victoria,Australia
142,Valerie D'Errico,75,607 Parisian AvenueSuite 494,6043,Chelseaview,South Australia,Australia
143,Hewitt Hanscome,80,87 Hahn Station StSuite 943,8254,New Ella,Victoria,Australia
144,Elaina Agate,60,596 Martin BoulevardApt. 367,5393,Richardshaven,South Australia,Australia
145,Mirabelle Bampkin,43,2044 Johns DriveApt. 201,8332,Lake Madeline,Australian Capital Territory,Australia
146,Lawry Mannooch,50,348 Johnston RoadSuite 155,6824,North Kayla,Western Australia,Australia
147,Mahmud Pumfrett,42,307 Declan Estate DrSuite 265,9361,Walkerhaven,Western Australia,Australia
148,Ikey Spohr,53,338 Mckenzie PlaceSuite 622,6527,North Scarlettborough,Northern Territory,Australia
149,Marven Argontt,25,5831 Lilly AvenueSuite 322,4101,Port Christopherland,New South Wales,Australia
150,Biddy Devanney,26,42 Michael RoadApt. 405,3137,Harryburgh,Tasmania,Australia
151,Lucie Lyenyng,25,5737 Kulas TrailApt. 133,8763,New Sebastianfurt,Western Australia,Australia
152,Panchito Wybern,79,03 Glover TrackApt. 881,7845,Christianport,Australian Capital Territory,Australia
153,Jeramey Kopacek,73,4874 Corkery PlazaApt. 487,8473,Jadestad,Northern Territory,Australia
154,Ricky Fraser,68,872 Mitchell SquareSuite 216,3751,East Angelinashire,Victoria,Australia
155,Myrle Kelby,80,85 Charles MallSuite 424,7841,Port Sophia,New South Wales,Australia
156,Cosmo Leys,24,012 Eli RidgeSuite 727,7891,Kaiberg,Western Australia,Australia
157,Miguelita Rasp,70,134 Madeline KnollSuite 253,4103,Siennaside,Queensland,Australia
158,Ann-marie Sinden,33,017 Doherty DriveSuite 350,58,Johnschester,New South Wales,Australia
159,Marga Longhurst,73,497 Gibson TerraceApt. 184,482,Bellaburgh,South Australia,Australia
160,Christi Reston,26,70 Phoenix DriveApt. 109,3950,Hicklebury,New South Wales,Australia
161,Katalin Tellesson,29,286 Chase IslandSuite 443,365,Port Jade,Western Australia,Australia
162,Ignacius Gardiner,33,914 Nathan CircuitSuite 102,1797,Schroedermouth,South Australia,Australia
163,Harrietta Burchatt,20,8125 Durgan BoulevardSuite 068,9458,Port Elliechester,Australian Capital Territory,Australia
164,Lyda Schneidau,54,8212 Anderson View RdSuite 748,8504,Quinnborough,Western Australia,Australia
165,Beau Schwandermann,21,60 Isabella ManorApt. 196,7259,Port Angus,Victoria,Australia
166,Stesha Lusted,67,011 Braun RunApt. 234,8983,West Skyeview,Queensland,Australia
167,Alayne Ipplett,34,1952 Collins StreetSuite 930,6902,Ellieshire,Australian Capital Territory,Australia
168,Gwenore Samudio,27,2781 Berge MallSuite 452,1975,North Leoburgh,Western Australia,Australia
169,Wald Kaine,72,5135 Leah RoadSuite 306,7210,South Georgia,Western Australia,Australia
170,Melania Murton,57,56 Patel Estate DrSuite 629,7133,Dietrichtown,Victoria,Australia
171,Mariellen Medendorp,80,16 Boyer WaySuite 018,6226,South Gabriel,Western Australia,Australia
172,Gennifer Sharpus,73,81 Kai TerraceApt. 704,5996,East Scarlett,Northern Territory,Australia
173,Mychal Mynett,78,5133 Mann MallApt. 757,5630,Port Maxville,South Australia,Australia
174,Iona Middlewick,68,827 Berge PlaceSuite 589,7668,New Jonathanchester,Western Australia,Australia
175,Patrica Penny,80,57 David MallSuite 596,3129,Haneton,South Australia,Australia
176,Curtis McCarroll,45,4036 Thompson StreetApt. 565,2548,Lake Johnchester,New South Wales,Australia
177,Wake Guard,25,230 Savannah RunApt. 982,3673,Conroybury,Victoria,Australia
178,Gunner Murdie,51,7504 Phoebe RoadApt. 552,6282,Lewiston,Australian Capital Territory,Australia
179,Leeann Gowdie,52,8183 Alexis JunctionApt. 634,3399,Callumborough,Queensland,Australia
180,Nelli Engall,21,58 Jett RoadApt. 448,932,Chasemouth,Western Australia,Australia
181,Puff Newbury,27,35 Fahey CircuitSuite 014,1017,Port Joshuaside,Northern Territory,Australia
182,Ricardo James,80,32 Thomas CrestSuite 753,2147,Archiefurt,Queensland,Australia
183,Martin O'Mailey,44,639 Griffiths ParkwayApt. 162,9583,New Angelina,Queensland,Australia
184,Holden Whybrow,43,2465 Hugo RoadApt. 066,8107,West Joelfurt,Queensland,Australia
185,Darrelle Padson,67,22 Aaron LoopApt. 324,4337,Violetborough,Victoria,Australia
186,Neill Steptoe,63,46 Alex MewsApt. 096,5963,Port Mia,Western Australia,Australia
187,Trenton Lydiard,70,30 Williamson SummitApt. 594,1007,West Isabelton,Queensland,Australia
188,Poul Rossi,23,2025 Stewart MewsApt. 137,5769,Nataliemouth,Victoria,Australia
189,Deedee Pashe,28,96 Bartoletti StreetApt. 671,3678,Lake Abigailhaven,Western Australia,Australia
190,Jewel Dericut,58,63 Rohan PlazaApt. 943,5518,Lake Charlottefort,Australian Capital Territory,Australia
191,Isis Doel,76,540 Schmitt ParkwaySuite 102,5036,Grimesstad,Northern Territory,Australia
192,Tommy Ebunoluwa,63,56 Wolf TerraceSuite 373,4239,East Mason,Tasmania,Australia
193,Harland Hawkeridge,77,09 Patel MallApt. 231,8063,New Samuel,Western Australia,Australia
194,Brennen Breward,61,39 Amelia Estate DrApt. 608,6849,Fayhaven,New South Wales,Australia
195,Tobye De Caville,72,987 Charlotte MewsApt. 591,6036,West Baileyville,New South Wales,Australia
196,Erroll Michelle,25,694 Isabella WaySuite 054,4911,New Ava,South Australia,Australia
197,Dorris Simonsson,67,53 Finn PlaceApt. 635,3255,Jessebury,Western Australia,Australia
198,Yevette Weekes,66,6369 Patrick HillApt. 508,386,Gardenchester,Victoria,Australia
199,Clayson Mealing,65,94 Hannah LoopSuite 177,6219,Lake Declanland,South Australia,Australia
200,Melba Badam,68,3468 Christiansen MeadowSuite 298,4072,Evamouth,Australian Capital Territory,Australia
201,Loni Tort,58,76 Zac KnollSuite 031,4396,Joelmouth,Australian Capital Territory,Australia
202,Jewel Roakes,67,72 Lincoln SummitSuite 640,6557,Abbeyshire,Queensland,Australia
203,Angil Crunden,30,765 Christiansen ParkwaySuite 557,8856,Lake Elijah,Australian Capital Territory,Australia
204,Bird McGarvie,60,889 Hermann Station StApt. 026,5120,East Jakeberg,New South Wales,Australia
205,Elicia Flaunders,23,63 Lilly JunctionApt. 010,2345,Jademouth,South Australia,Australia
206,Crin Johnikin,66,09 Kiehn View RdApt. 209,2155,South Clairetown,Queensland,Australia
207,Brade Caught,56,38 Baumbach Estate DrApt. 545,7847,Elijahburgh,Queensland,Australia
208,Shaylyn Musla,71,814 Jayden MewsSuite 958,994,Josephland,South Australia,Australia
209,Lauryn Deport,29,47 Green ParkwayApt. 868,8313,Bayermouth,South Australia,Australia
210,Arden Lasselle,79,476 Mueller CrestSuite 674,5663,West Claudiaburgh,New South Wales,Australia
211,Rowena Doe,52,9388 Bauch TrailSuite 439,4473,Codyfort,New South Wales,Australia
212,Evelyn Chevolleau,79,385 Jayden View RdApt. 459,4481,Port Logan,Western Australia,Australia
213,Karl Ramsell,25,6851 Emard KnollSuite 265,5931,Lake Phoenix,Western Australia,Australia
214,Whitaker Pashen,55,62 Mcdermott HillSuite 903,9750,Justinport,Queensland,Australia
215,Alida Spitaro,57,46 Xavier WayApt. 621,3483,Dareberg,New South Wales,Australia
216,Pattin Carley,50,038 Haley MewsApt. 810,3991,Bayertown,Northern Territory,Australia
217,Silvan Norcross,29,476 Ferry IslandSuite 062,742,South Georgia,Australian Capital Territory,Australia
218,Worthington Knapton,78,88 Walsh WaySuite 074,7479,Lake Lucas,Queensland,Australia
219,Jerald MacMeeking,44,5040 Isabel TerraceSuite 158,8174,Connellyport,Tasmania,Australia
220,Francisca Accum,79,566 Kiara RunApt. 417,1993,West Zacharybury,Western Australia,Australia
221,Araldo Washtell,43,9173 Maya SummitApt. 856,4519,East Gabriel,Australian Capital Territory,Australia
222,Ewen Bate,40,45 Ethan LoopApt. 390,2967,Casperland,Tasmania,Australia
223,Saxe Stormonth,51,028 Elijah TrailApt. 268,573,Lake Owen,South Australia,Australia
224,Shelbi Impson,78,20 Xavier RidgeApt. 805,7744,Hansenberg,New South Wales,Australia
225,Monty Gowen,75,651 Garden CourtApt. 769,4755,Muellerfurt,Queensland,Australia
226,Neilla Moring,73,223 Jerde BoulevardSuite 636,828,Leeborough,Tasmania,Australia
227,Isaak Ferrarone,26,074 Hackett ParadeApt. 191,3857,South Holly,Tasmania,Australia
228,Zaria Garken,40,53 Jake CourtSuite 337,5447,Towneport,Northern Territory,Australia
229,Codie Escalero,20,434 Gibson MewsSuite 619,1344,West Abbeyland,Australian Capital Territory,Australia
230,Bourke Pembery,21,599 Campbell CrestApt. 125,7779,Wildermanside,Tasmania,Australia
231,Keeley Nassie,33,09 Smyth BoulevardSuite 155,266,Turnerborough,Northern Territory,Australia
232,Kaitlyn Pinare,24,8982 O'reilly PlazaSuite 007,5019,Lake Matilda,Northern Territory,Australia
233,Beverlie Blance,33,1604 Olivia CrestApt. 164,8968,Casperfurt,South Australia,Australia
234,Duncan Walliker,37,861 Thomas LoopApt. 385,7368,West Zoe,Victoria,Australia
235,Beck Oldham,32,7836 Kessler CrescentSuite 055,7158,Miafurt,Tasmania,Australia
236,Anders Couvert,80,64 Phillips RunApt. 722,2752,East Sienna,New South Wales,Australia
237,Cassaundra Sliman,71,3679 Kiehn ParkwaySuite 444,6639,Lake Mollyburgh,New South Wales,Australia
238,Hilda Peter,30,4435 O'hara TerraceSuite 232,5289,New Sophie,Tasmania,Australia
239,Daria Embleton,63,39 Wilkinson CrestApt. 257,1644,North Sophie,Australian Capital Territory,Australia
240,Brian Finnes,25,069 Claire GroveSuite 234,7740,New Codyville,Victoria,Australia
241,Valentine Marley,61,31 Aaron WayApt. 752,2728,New Ava,Queensland,Australia
242,Aimee Giorgio,28,489 Harrison Station StSuite 861,4787,Lukebury,Queensland,Australia
243,Jo ann Snoden,20,7638 Kiehn StreetApt. 781,7136,Port Owen,New South Wales,Australia
244,Faunie Cooney,38,36 Christian PlaceApt. 409,6354,Port Chelseaport,Victoria,Australia
245,Elva Root,36,733 Cole CrescentSuite 465,3849,South Abbeyshire,Victoria,Australia
246,Lucias Forsythe,40,122 Riley TrailSuite 946,8484,West Kiara,Tasmania,Australia
247,Atlante McGrotty,57,2352 Luca JunctionApt. 067,5680,Mayerland,Victoria,Australia
248,Danica Brunker,38,00 Fadel CircuitApt. 573,4463,D'amorefort,Northern Territory,Australia
249,Torie Minihan,59,4597 Hill ManorSuite 864,842,New Annabelle,Victoria,Australia
250,Lavina Dartnell,23,0380 Bartell StreetSuite 585,9549,Boyleberg,Queensland,Australia
251,Jeanne Pringer,78,786 Mackenzie StreetApt. 660,8520,Wilsonside,Australian Capital Territory,Australia
252,Franciska Yosevitz,44,03 Evans RoadApt. 343,9494,Rileyview,Western Australia,Australia
253,Stewart Heggman,48,1549 Rees Station StSuite 745,3190,Eviestad,Northern Territory,Australia
254,Scot Billany,44,4966 Lilly Estate DrApt. 570,8170,Beiermouth,Queensland,Australia
255,Justis Butter,29,4958 Harry TrackApt. 721,4733,Port Johnland,Western Australia,Australia
256,Dulcia Gawthorpe,46,7204 Toby SummitApt. 845,9007,North Lillian,Australian Capital Territory,Australia
257,Trista Aspray,61,9347 Morrison RoadSuite 865,1166,Johnstonshire,Australian Capital Territory,Australia
258,Mira Heinonen,62,2719 Dietrich KnollApt. 175,1252,South Declan,Queensland,Australia
259,Bartlet Whiffin,78,205 Bailey IslandSuite 339,752,Kingmouth,New South Wales,Australia
260,Whitney Scarman,27,01 D'amore ManorSuite 692,3012,Trompview,Tasmania,Australia
261,Bernita Orae,61,318 Amber TrackSuite 271,7322,Schmittview,Queensland,Australia
262,Dasi Kovelmann,34,8303 Imogen SquareApt. 902,1633,Jakeland,Northern Territory,Australia
263,Ringo Sollars,22,75 Kovacek KnollSuite 417,4122,West Cameron,Western Australia,Australia
264,Vite Durrant,40,31 King LoopSuite 647,7266,Port Michael,Queensland,Australia
265,Ianthe Magowan,52,35 Baumbach HillApt. 244,5072,Lake Laurenview,Tasmania,Australia
266,Sheff Ruoss,55,269 Cartwright ParadeSuite 150,7685,Laylabury,New South Wales,Australia
267,Lionel Mansel,45,03 Spencer MewsSuite 726,938,Lukefurt,Western Australia,Australia
268,Muire Ashtonhurst,47,25 Mikayla MewsApt. 558,3668,West Michael,South Australia,Australia
269,Rutger Hugonnet,20,13 Hammes CircuitApt. 503,2332,New Jadehaven,New South Wales,Australia
270,Brion Grinaugh,47,473 Abbey PlazaSuite 913,7214,South Alyssa,Australian Capital Territory,Australia
271,Harri Lotherington,30,9993 Wood RidgeApt. 503,3042,New Emily,Northern Territory,Australia
272,Kendre Etherton,22,3627 Chloe Estate DrSuite 963,4499,New Angelinaberg,Victoria,Australia
273,Dag Schiefersten,46,199 Amber MallSuite 954,1660,Noahmouth,Northern Territory,Australia
274,Crysta Attride,60,98 Paterson CrescentApt. 427,9611,North Lukechester,New South Wales,Australia
275,Marthena Oxbury,62,47 Barrows IslandSuite 464,1809,North Alana,Queensland,Australia
276,Silas Chaman,56,410 Ryan CrescentApt. 461,9665,Gardenport,Victoria,Australia
277,Kary Melding,62,00 Natalie SquareSuite 603,134,East Isabella,New South Wales,Australia
278,Michele Osmant,73,370 Koch SummitApt. 142,8967,North Josephmouth,Queensland,Australia
279,Hamilton Buck,48,179 Richards LoopApt. 131,5536,New Finnmouth,Northern Territory,Australia
280,Skyler Streeton,50,66 Ashton DriveApt. 404,4750,Nathanton,New South Wales,Australia
281,Karla Teresia,24,95 Oliver SquareApt. 137,7637,Evafort,Queensland,Australia
282,Wren Helgass,59,2634 Ward CrescentSuite 361,4527,Port Hannahburgh,Australian Capital Territory,Australia
283,Jaymee Dalrymple,23,812 Corwin Estate DrSuite 687,1336,New George,New South Wales,Australia
284,Rourke Binstead,65,92 Nolan MeadowApt. 492,3149,East Abigail,Northern Territory,Australia
285,Ricky Steels,56,248 Fisher Station StApt. 066,1317,O'connerburgh,Western Australia,Australia
286,Gert Brackstone,34,89 Schmitt PlazaSuite 421,5790,Charlotteville,Queensland,Australia
287,Teodor Van der Velde,66,113 Doyle CrescentSuite 825,6793,South William,Queensland,Australia
288,Matilde Yanuk,24,17 Jade AvenueApt. 646,3055,Reillyfurt,Victoria,Australia
289,Rafferty Fronek,43,068 Logan CourtSuite 319,612,East Kaylabury,Australian Capital Territory,Australia
290,Alia Rapinett,67,7299 Madeline MeadowApt. 450,3146,West Siennaland,Tasmania,Australia
291,Brodie Hedin,43,6428 Boyle MallApt. 711,2048,South Hannah,Tasmania,Australia
292,Aldin Moline,25,7210 Farrell HillApt. 735,6426,West Aidenview,Victoria,Australia
293,Kat Champness,36,9227 Evans PlazaApt. 709,1391,Langworthfort,Tasmania,Australia
294,Flss Jillins,30,513 Luke CourtSuite 773,6799,Johntown,South Australia,Australia
295,Parker Guiraud,49,9670 Henry TrailApt. 656,3485,Ashtonview,New South Wales,Australia
296,Isis Stonard,50,831 Barton MallSuite 382,7499,Port William,Victoria,Australia
297,Anneliese Pardew,22,06 Koss HillSuite 888,5754,Owentown,Australian Capital Territory,Australia
298,Roobbie Persich,29,42 Mackenzie CourtApt. 934,6386,Sanfordberg,Queensland,Australia
299,Anny Midden,32,810 Jasper CircleSuite 777,89,Lake Amelia,Victoria,Australia
300,Darren Karpenko,24,73 Amelie LoopApt. 987,1403,Hermistonside,Western Australia,Australia
301,Elga Corgenvin,47,0462 Fisher TrackSuite 627,9359,New Sienna,South Australia,Australia
302,Warden Windram,38,813 Bailey DriveApt. 157,6560,New Thomas,New South Wales,Australia
303,De Lourens,75,334 Olivia MeadowSuite 855,8400,North Paige,New South Wales,Australia
304,Luke Salliere,79,5306 Hickle MewsApt. 405,7906,Feeneymouth,Queensland,Australia
305,Meryl Kender,25,0052 Benjamin MewsApt. 635,7024,Lake Aidan,Australian Capital Territory,Australia
306,Silas Stephens,68,344 Addison PlazaApt. 998,8581,West Audreyhaven,Queensland,Australia
307,Matthew Schneidau,50,227 Donnelly TerraceSuite 915,4618,Lake Jackmouth,Victoria,Australia
308,Zeb Shipton,70,970 Khan RidgeApt. 056,4335,West Madison,Northern Territory,Australia
309,Ulla Crombie,29,5302 Ava TerraceApt. 295,7246,Lake Edward,Queensland,Australia
310,Sharyl Royl,61,29 Caitlin CrestSuite 875,7862,Fadelburgh,New South Wales,Australia
311,Constantino Langworthy,25,316 Violet LaneApt. 212,2929,Fayburgh,Northern Territory,Australia
312,Gavra Wheowall,74,80 Benjamin CircleSuite 217,7203,East Harrybury,New South Wales,Australia
313,Courtnay Cornewell,24,533 Archie StreetApt. 007,985,South Pipermouth,South Australia,Australia
314,Goddart Glusby,56,350 Dietrich RunSuite 632,9642,East Sophia,Victoria,Australia
315,Jeff Curness,49,86 Christiansen HillSuite 955,2395,East Michaelmouth,Australian Capital Territory,Australia
316,Sadella Goodsall,67,49 Klein DriveSuite 199,7784,Christopherside,Northern Territory,Australia
317,Gates Torrance,48,26 Willow CourtApt. 822,9997,Miafort,Australian Capital Territory,Australia
318,Glyn Tieman,63,37 White Station StApt. 524,1823,Georgiatown,Western Australia,Australia
319,Royall Lowrie,49,208 Connor CircuitSuite 244,5245,Coleshire,Tasmania,Australia
320,Dani Pinches,43,83 Reynolds ParadeSuite 974,299,Howehaven,Tasmania,Australia
321,Jena Kelling,44,52 Savannah LaneApt. 519,6724,Kaihaven,New South Wales,Australia
322,Jacynth Stillmann,30,593 Becker CircleApt. 333,1640,Jacobiview,Western Australia,Australia
323,Ellerey Kaesmakers,40,56 Marcus SquareSuite 361,7986,South Jayden,South Australia,Australia
324,Fredrick Cleynman,39,53 Huel WaySuite 523,7488,Mikaylaburgh,Northern Territory,Australia
325,Robinetta Deners,68,32 Chase JunctionSuite 463,8304,West Claudia,South Australia,Australia
326,Meade Yglesia,54,624 Bode TrailSuite 795,6294,New Masonport,Northern Territory,Australia
327,Lynda Seydlitz,71,246 Waters CrescentSuite 947,3310,Port Marcusshire,Western Australia,Australia
328,Wadsworth Olivier,59,4309 Nguyen KnollApt. 851,6795,North Elijahshire,Western Australia,Australia
329,Valery Pache,53,3203 Jackson TerraceSuite 580,5466,South Claudialand,Western Australia,Australia
330,Barclay Kinsella,47,698 Doyle RoadSuite 219,6913,Lincolnbury,Victoria,Australia
331,Binnie Gonzales,32,5756 Savannah DriveApt. 644,7980,Aidenton,Northern Territory,Australia
332,Carla Walework,75,011 Hamilton PlaceSuite 215,5702,East George,Northern Territory,Australia
333,Con Pressdee,57,2797 Corkery KnollApt. 001,2571,West Marcus,South Australia,Australia
334,Udale Ripping,68,313 O'hara Estate DrSuite 414,8108,New Alyssa,Queensland,Australia
335,Van Winley,76,7443 Bayer RidgeSuite 024,5888,Lake George,Australian Capital Territory,Australia
336,Julian Sponer,35,745 Jack CourtApt. 737,3647,Port Madison,Australian Capital Territory,Australia
337,Milton Otson,78,88 Olson GroveApt. 120,2631,Cooperbury,Western Australia,Australia
338,Eve Stutard,75,899 Lynch LaneSuite 349,2652,Monahanberg,New South Wales,Australia
339,Haslett Nodes,59,794 Grady LoopSuite 784,2498,Lake Maddison,Queensland,Australia
340,Jarrid Coston,24,8903 Ava PassSuite 089,5229,Corkeryshire,Northern Territory,Australia
341,Cherlyn Asmus,34,003 Bruen DriveApt. 633,6522,Jasmineville,Victoria,Australia
342,Tymothy Linsay,45,38 Charli SquareSuite 502,2900,Barrowschester,Victoria,Australia
343,Violet Alwen,47,339 Hermann ParadeSuite 489,5805,Lake Charli,Northern Territory,Australia
344,Archaimbaud Barnewelle,68,2348 Zac LaneApt. 953,6043,Jacobsstad,South Australia,Australia
345,Merrielle Piken,62,9182 Hermann MallApt. 890,799,Audreyfurt,Victoria,Australia
346,Kerianne Parris,40,59 Bergstrom GroveSuite 260,6060,Olsonbury,Northern Territory,Australia
347,Lyn Bouts,20,16 Maddison MewsSuite 093,1435,Levihaven,Victoria,Australia
348,Thorny Nornable,76,4070 Nathan CircuitSuite 296,1840,Rubyfort,Tasmania,Australia
349,Ronda Badby,34,807 Howe MallApt. 230,6097,Port Alexandertown,Australian Capital Territory,Australia
350,Dani Hawtin,23,41 Brown Estate DrSuite 039,4913,North Alex,Victoria,Australia
351,Alfonso Locket,23,21 Grant AvenueApt. 491,3927,South Eliza,Victoria,Australia
352,Justin Marden,31,813 O'reilly View RdSuite 466,4432,Port Ashtonhaven,Queensland,Australia
353,Lurette McKay,22,1800 George RoadSuite 097,9711,Stantonton,Queensland,Australia
354,Sula Shepherd,57,91 Tyler RunSuite 243,959,Nateville,Victoria,Australia
355,Sherwynd Klimkov,36,56 Owen TrackApt. 284,9704,Port Zoe,Australian Capital Territory,Australia
356,Gerianne Burree,23,5256 Hamish WaySuite 853,4296,West Jackfort,New South Wales,Australia
357,Crawford Bolden,41,63 Charlie LaneSuite 463,7454,North Kaylastad,Australian Capital Territory,Australia
358,Jermaine Goranov,64,9937 Oliver CircleApt. 655,6842,Kreigerbury,Northern Territory,Australia
359,Augustin Brandenberg,28,20 Skye RunApt. 868,5653,East Lauren,Victoria,Australia
360,Iain Fellnee,68,476 Corwin ParkwayApt. 441,5743,Kingmouth,Northern Territory,Australia
361,Drucy Ham,64,0967 Flatley HillApt. 866,5677,Port Williamborough,South Australia,Australia
362,Persis Linch,39,102 Mitchell IslandSuite 599,329,West Zoeberg,Queensland,Australia
363,Gay MacNeice,47,421 Hamilton CrestSuite 211,8608,Lake William,Queensland,Australia
364,Konstantin Kuhlmey,28,3463 Joshua SummitApt. 971,2506,Swiftfort,New South Wales,Australia
365,Tammie Gavrielli,25,06 Eve RunApt. 689,4387,Jacobsshire,Tasmania,Australia
366,Geraldine Naulty,64,491 Fisher IslandSuite 745,1110,Youngview,Victoria,Australia
367,Hildagarde Dell 'Orto,51,59 Henry PlaceSuite 781,514,Jasperside,South Australia,Australia
368,Mady Greenleaf,61,8756 Tremblay RunSuite 034,2172,South Chelseaton,Australian Capital Territory,Australia
369,Ephrem Hambers,46,6502 Abbey ParadeSuite 954,5569,New Stellastad,Australian Capital Territory,Australia
370,Hildegarde Bamlett,38,47 Stanton GroveSuite 963,9196,Abbottbury,Australian Capital Territory,Australia
371,Etan Peirazzi,63,8162 James TrackApt. 724,6128,West Jessica,Queensland,Australia
372,Griffy Wenger,53,8649 Phillips KnollSuite 008,7209,East Sophia,South Australia,Australia
373,Annabella Jocic,44,7319 O'neill JunctionSuite 661,8769,North Sienna,Australian Capital Territory,Australia
374,Sigfried Oglesbee,24,240 Harvey KnollSuite 362,3041,Heidiberg,New South Wales,Australia
375,Ninetta Phizakarley,77,716 Max IslandSuite 824,9232,Ernserland,Northern Territory,Australia
376,Korie Iglesiaz,30,188 Hunter IslandSuite 990,789,Lake Annabelleport,South Australia,Australia
377,Alanson Colton,72,51 Taylor CrestApt. 793,6676,Coleview,Queensland,Australia
378,Andy McPhillimey,48,40 Rose CircuitSuite 567,7541,Abigailchester,New South Wales,Australia
379,Lilah Mabe,76,541 Lucy IslandSuite 157,7863,O'keefemouth,Queensland,Australia
380,Gratiana Theurer,65,047 Greenholt RidgeSuite 214,8267,Leomouth,Northern Territory,Australia
381,Tait Else,20,391 Layla SquareApt. 381,6824,Port Darcy,Western Australia,Australia
382,Emanuele Deesly,24,83 Jordan DriveApt. 011,6714,Rodriguezbury,Victoria,Australia
383,Nathanil Runchman,23,831 Ava SquareApt. 776,2310,South Hannahstad,Victoria,Australia
384,Chiarra Vaneev,37,25 Rodriguez RoadSuite 293,6522,Zacharybury,Queensland,Australia
385,Kelsey Bend,55,15 Leffler ParadeApt. 793,7861,Blakeville,Queensland,Australia
386,Cleon Emmatt,29,50 Layla LoopSuite 081,3016,Hannahborough,Tasmania,Australia
387,Alameda Fincke,43,6239 Kreiger HillApt. 899,2080,Matthewstad,Victoria,Australia
388,Dame Popov,38,46 Spencer MeadowSuite 241,2940,New Mayaburgh,Northern Territory,Australia
389,Caroljean Elstob,41,5990 John View RdApt. 812,5989,Lake Lukeberg,South Australia,Australia
390,Bee Mazonowicz,36,806 O'connell CrestApt. 665,7155,South Eveshire,Western Australia,Australia
391,Reed Churchlow,75,4592 Isabella BoulevardApt. 793,7524,North Sophieland,Australian Capital Territory,Australia
392,Svend Griffey,26,992 Henry Station StApt. 041,6749,Gloverbury,Australian Capital Territory,Australia
393,Anni Heinsius,34,5158 Levi HillSuite 531,1474,Johnsburgh,Queensland,Australia
394,Eba Bauser,26,984 Boyer KnollApt. 699,2204,Audreyport,Tasmania,Australia
395,Mordecai Westberg,70,8469 Tahlia PassSuite 409,3499,Lake Oscar,Northern Territory,Australia
396,Sunny Bisgrove,32,111 Kayla CircuitSuite 545,6248,Finnburgh,Queensland,Australia
397,Collie Jakel,50,40 Mitchell CrestSuite 035,6891,Isabellaton,Australian Capital Territory,Australia
398,Damiano Leyborne,50,6166 Durgan WayApt. 693,5497,Gabrielville,Western Australia,Australia
399,Ailene McKeller,46,9444 Casper RidgeApt. 537,8209,South Logan,Western Australia,Australia
400,Bernarr Pote,62,3565 William RidgeApt. 638,1097,Hesselside,Tasmania,Australia
401,Waylen Swallwell,73,254 Layla AvenueSuite 506,613,Sarahstad,Western Australia,Australia
402,Zak Titterton,22,017 Maddison KnollSuite 875,1712,West Cooper,Tasmania,Australia
403,Kimberli Canavan,78,902 Rees CircleSuite 205,1038,Port Abby,Western Australia,Australia
404,Teddy Gell,79,29 Bruen TrailSuite 288,9569,West Ellaport,Australian Capital Territory,Australia
405,Alfonse Shills,78,41 Noah TerraceSuite 130,5174,North Nathan,New South Wales,Australia
406,Paige Uebel,59,07 Zac ParadeApt. 031,6987,Clarkville,Victoria,Australia
407,Murdock Bulfit,41,5233 Lara AvenueSuite 291,8697,Hartmannshire,Queensland,Australia
408,Alis MacCulloch,66,8142 Jackson ParkwaySuite 475,5079,Lake Haydenton,Australian Capital Territory,Australia
409,Alphonse Galego,75,553 Alexander TrailSuite 694,134,New Chase,Australian Capital Territory,Australia
410,Harman Finding,64,77 Graham AvenueSuite 070,7356,Boyerville,Victoria,Australia
411,Theobald Klazenga,52,579 Olivia PassSuite 805,226,Connellyberg,Tasmania,Australia
412,Chandal Fransinelli,21,7048 Barrows CrescentSuite 562,238,Hackettchester,South Australia,Australia
413,Alexis Maps,25,591 Sarah PassSuite 334,6700,Morissetteborough,Queensland,Australia
414,Ansel Chittem,51,22 Eve CrescentApt. 357,7365,North Ivy,Queensland,Australia
415,Ashley Gant,40,458 Imogen Station StSuite 799,7671,Dietrichville,South Australia,Australia
416,Leonore Yakunikov,21,59 Gibson MeadowApt. 565,4767,Langworthville,New South Wales,Australia
417,Bay Kraut,57,688 Campbell RoadSuite 011,7035,Fadelland,Tasmania,Australia
418,Luelle Fernanando,57,855 Beahan IslandSuite 560,2775,North Sebastianberg,Australian Capital Territory,Australia
419,Chaddie Fawlkes,58,31 Towne SummitSuite 671,3887,West Mackenzie,Queensland,Australia
420,Yehudit Coote,44,10 Harry MewsSuite 632,5547,Jonesville,Tasmania,Australia
421,Kellyann Stening,62,35 Robinson Station StSuite 547,5382,North Baileyside,Australian Capital Territory,Australia
422,Farah Schukert,34,58 Heaney SquareApt. 870,1342,Feeneymouth,Queensland,Australia
423,Datha Vicary,32,587 Dooley AvenueSuite 138,1047,New Rileybury,South Australia,Australia
424,Katherine Sewter,80,03 Grant CrestSuite 228,5743,Lake Charliemouth,Western Australia,Australia
425,Saleem Isac,38,013 Fahey Station StSuite 125,8487,New Loganside,Northern Territory,Australia
426,Augusto Ackrill,40,89 Charles GroveApt. 955,6184,South Sophieview,Victoria,Australia
427,Tomaso Mullin,25,51 Gabriel KnollApt. 819,8556,New Ava,Queensland,Australia
428,Jammal Varcoe,66,80 Hermiston WaySuite 403,1112,North Liamfort,Australian Capital Territory,Australia
429,Lucille Carwithim,48,1796 Hamish MeadowSuite 478,675,East Lincoln,Tasmania,Australia
430,Khalil Duffil,56,4112 Lincoln BoulevardApt. 887,8212,Ivyfurt,New South Wales,Australia
431,Ronni Gruszczak,41,535 Angelina CourtSuite 875,8422,Jademouth,Victoria,Australia
432,Ettie Gonnely,34,6172 Andrew AvenueApt. 194,7029,North Cody,Victoria,Australia
433,Candis Roswarne,46,5777 Mayer PassApt. 881,9728,West Michaelport,Tasmania,Australia
434,Marci Borrett,20,53 Lucy CrescentSuite 222,4176,West Amber,Western Australia,Australia
435,Aldridge Tesh,41,1649 Owen JunctionApt. 523,5868,South Tobyton,South Australia,Australia
436,Meredith Canniffe,41,120 Eli PlazaApt. 906,7809,Port Siennaport,South Australia,Australia
437,Fifine Baron,23,70 Jerde GroveSuite 902,8456,Natefort,Australian Capital Territory,Australia
438,Atlante Cure,80,569 Alyssa IslandApt. 766,6893,Hunterland,Western Australia,Australia
439,Daren Airs,75,378 John MallSuite 835,3142,West Thomas,Victoria,Australia
440,Terri Ivanaev,64,78 Bella CrestSuite 010,5404,Andrewmouth,Queensland,Australia
441,Artemas Vasilischev,53,33 Richards JunctionApt. 478,7650,South Rileyview,Western Australia,Australia
442,Hobie Anfusso,26,5157 Feil RoadApt. 633,7249,Port Chloe,New South Wales,Australia
443,Melodee Spencley,49,033 Mitchell IslandApt. 732,9651,Crooksshire,Victoria,Australia
444,Sara Gelder,79,361 Davies CrestSuite 392,6837,Port Andrewton,Western Australia,Australia
445,Margret Yeabsley,44,543 Nader CrestSuite 019,1927,Macdonaldchester,Victoria,Australia
446,Benny Songist,47,165 Hermiston LoopSuite 403,1552,North Lukeshire,Tasmania,Australia
447,Shena Solomonides,68,82 O'hara LoopSuite 558,8664,Zacshire,New South Wales,Australia
448,Ashely Inmett,61,625 Anthony MewsApt. 730,3895,Liamton,Queensland,Australia
449,Cherey Instone,74,622 Mckenzie TrailApt. 563,3041,Port Lucyport,Northern Territory,Australia
450,Devonne Martinetto,59,655 Max TrailSuite 049,5146,West Lucy,New South Wales,Australia
451,Mallory Dillinton,21,927 Wood SquareSuite 884,9491,Feilton,Australian Capital Territory,Australia
452,Toddie Snow,27,19 Young IslandSuite 543,3680,Scottview,New South Wales,Australia
453,Guthry Ure,35,400 Beau PlaceSuite 439,2891,Kreigerberg,Tasmania,Australia
454,Abey Bampforth,28,3543 Jack GroveApt. 595,3276,Port Isabellafurt,New South Wales,Australia
455,Wash Kyneton,60,539 Towne CrescentSuite 935,8038,Lake Sienna,Northern Territory,Australia
456,Joelynn Remington,33,94 Archie CourtSuite 659,2010,West Lachlan,Queensland,Australia
457,North Diamond,27,85 Mitchell StreetSuite 398,1849,Charlotteborough,Victoria,Australia
458,Romy Cuberley,42,06 Toby KnollApt. 679,1086,Mayaview,Queensland,Australia
459,Maybelle Houchen,62,966 Levi ParkwayApt. 339,4975,Farrellmouth,New South Wales,Australia
460,Frederich Duigenan,31,85 Cooper CrescentApt. 819,3847,Ellashire,Victoria,Australia
461,Alina Strotton,54,2501 Hackett ManorSuite 051,60,West Chasemouth,Australian Capital Territory,Australia
462,Francklyn Willeman,45,22 Ellie View RdApt. 141,1919,D'amoreborough,South Australia,Australia
463,Iago Jedrzaszkiewicz,58,00 Lockman TrackSuite 564,387,Lake Mikaylashire,Australian Capital Territory,Australia
464,Abbot Rickaert,64,5080 Johnston MallApt. 550,5327,Langville,South Australia,Australia
465,Mallory Castellani,38,115 Wilkinson CrestSuite 858,4700,Williammouth,Victoria,Australia
466,Vinnie Feaver,28,18 Jack JunctionSuite 575,7356,North Justin,South Australia,Australia
467,Cacilie Forrestill,53,0189 Anna KnollSuite 703,7040,O'reillychester,South Australia,Australia
468,Maegan Ashton,67,06 Ebert CrestSuite 385,5607,West Isla,Tasmania,Australia
469,Faber Purcell,78,783 Olivia CrescentSuite 877,5011,Andrewborough,New South Wales,Australia
470,Trudey Betteridge,45,2115 Henry GroveSuite 788,3138,Edwardtown,Western Australia,Australia
471,Hayyim Trewhella,31,8662 Maya PlaceApt. 834,8731,Boyerland,New South Wales,Australia
472,Hal Saker,57,64 Aiden View RdSuite 085,4994,Parisianmouth,Queensland,Australia
473,Lori Briars,61,531 Schmitt BoulevardApt. 010,1744,Annaton,South Australia,Australia
474,Clem Margetts,21,6744 Joshua RoadApt. 554,7719,New Matildaville,South Australia,Australia
475,Caroljean Hukins,61,22 Skye MewsApt. 534,3722,Lake Isla,Tasmania,Australia
476,Orton Heigl,64,01 Piper ManorApt. 376,1127,West Jackfort,South Australia,Australia
477,Cornell Spurrett,32,3023 Nate GroveSuite 368,1579,South Hunter,Northern Territory,Australia
478,Krystle Boyce,71,16 Thomson PlazaSuite 403,1303,Lake Lillyville,Northern Territory,Australia
479,Dunc Swynley,20,621 Eve View RdApt. 900,789,Mullerberg,Western Australia,Australia
480,Dugald Aubri,50,018 Hannah ParadeSuite 582,6329,Riceton,Australian Capital Territory,Australia
481,Laurent St. Paul,51,828 Hoppe PlaceSuite 995,4149,Lake Rosehaven,Western Australia,Australia
482,Stanley Kolakowski,63,7295 Champlin CrestApt. 519,8260,East Joshua,Queensland,Australia
483,Cristiano Downing,35,894 Hoppe PassApt. 708,8487,East Rubyfurt,Tasmania,Australia
484,Padraig Jouannisson,43,792 James PlaceSuite 050,7271,South Cameronborough,Australian Capital Territory,Australia
485,Gayleen Brookes,46,18 Lachlan CourtApt. 781,6977,Port Lily,Australian Capital Territory,Australia
486,Alexis Cheake,66,60 Nolan LaneSuite 078,8225,Port Lillian,Northern Territory,Australia
487,Nehemiah Yurenin,21,7199 Caleb StreetSuite 174,4113,South Amelie,Victoria,Australia
488,Mariellen Wheelband,45,127 Tahlia BoulevardSuite 545,1135,Beahanbury,Tasmania,Australia
489,Isahella Enrique,59,43 Oscar LoopSuite 946,2537,West Phoenix,New South Wales,Australia
490,Bank Sargeaunt,57,74 King SummitSuite 021,7633,Mollyland,New South Wales,Australia
491,Devy Jowle,31,60 Larson TrackApt. 562,6666,East Riley,Victoria,Australia
492,Jolee Stailey,62,046 Leah RidgeSuite 190,8954,Josephmouth,Queensland,Australia
493,Andrew Renn,63,761 Mckenzie BoulevardSuite 489,1696,Port Natalie,Victoria,Australia
494,Wanids Jarmain,51,12 Madeline IslandSuite 083,8705,Dooleyport,Queensland,Australia
495,Darci Barten,80,1798 Schultz MewsApt. 704,9409,Lake Caitlin,New South Wales,Australia
496,John Panchen,32,35 Barrows RunApt. 970,3261,Evansburgh,South Australia,Australia
497,Claudio Archibould,31,0487 Jordan TerraceSuite 509,9290,North Aidentown,Northern Territory,Australia
498,Park Robberecht,31,6298 Toby RidgeSuite 608,745,Walterfurt,Victoria,Australia
499,Henrietta Briatt,24,708 Cole PlazaSuite 178,3833,New Hannah,Australian Capital Territory,Australia
500,Carlen Kelway,78,74 Aaron HillSuite 794,1819,Port Haydenchester,Western Australia,Australia
501,Archibaldo Taffurelli,73,457 Evans View RdApt. 385,2482,Kiehnchester,Tasmania,Australia
502,Neilla Halladey,34,95 Grimes ParkwaySuite 469,6075,East Aidan,Australian Capital Territory,Australia
503,Vinni Itzkovich,68,15 Abbey BoulevardApt. 379,3480,Port Oscar,New South Wales,Australia
504,Marilyn Rontree,56,9100 Kovacek GroveSuite 577,2384,Emilymouth,Northern Territory,Australia
505,Chuck Bernini,63,4920 Justin ParadeApt. 209,4931,Chloefort,Tasmania,Australia
506,Eddie Elcott,37,26 Levi CrestSuite 002,8757,South Hugoberg,Australian Capital Territory,Australia
507,Brooks Sayers,74,64 Champlin ParkwayApt. 832,8416,Jaydenside,Victoria,Australia
508,Jan Isenor,65,6863 Tremblay KnollSuite 290,9728,West Annaport,Northern Territory,Australia
509,Anderson Bridywater,63,779 Samuel WaySuite 600,1149,North Matthewfort,Queensland,Australia
510,Kinny Roget,67,2684 Tillman ParadeApt. 492,7867,Alexandramouth,New South Wales,Australia
511,Preston Nehlsen,63,997 Lara RunApt. 826,3696,Port Victoriaborough,South Australia,Australia
512,Haydon Burnyeat,75,158 Joseph LaneApt. 252,3394,Clarkemouth,Australian Capital Territory,Australia
513,Corri Womack,39,051 White WayApt. 392,2358,Port Ali,Tasmania,Australia
514,Gui Bowgen,45,3678 Flatley MeadowSuite 659,2633,North Charles,Tasmania,Australia
515,Joannes Pandie,52,5778 Chloe CourtApt. 365,830,Huelhaven,Australian Capital Territory,Australia
516,Malcolm Paal,69,622 Hamish CourtSuite 367,2978,South Tylermouth,Northern Territory,Australia
517,Ingmar Softley,61,68 Tahlia IslandSuite 710,4264,East Jonathanland,Victoria,Australia
518,Margalo Cousen,31,97 Isaac SummitSuite 935,6393,Bauchton,Northern Territory,Australia
519,Dedra Traite,28,89 Caitlin RunApt. 485,1354,Shieldstown,Northern Territory,Australia
520,Manny Fochs,76,2136 Kemmer IslandApt. 075,1853,Rossshire,New South Wales,Australia
521,Maxy Easthope,41,613 Charles TrailApt. 813,6070,Brauntown,Victoria,Australia
522,Ailina Kynan,71,459 Sarah TerraceApt. 121,6890,Handborough,South Australia,Australia
523,Grissel Harteley,22,8778 Liam TerraceSuite 662,3373,North Jasperville,Northern Territory,Australia
524,Beverlie Bansal,80,0358 Ashley WayApt. 506,3345,Port Sebastianland,Queensland,Australia
525,Melisse Hopfer,28,857 Mayer SquareApt. 580,5639,Port Ashley,New South Wales,Australia
526,Ellyn Collacombe,73,786 Paige CircleApt. 922,2565,Adamsside,Tasmania,Australia
527,Imogen Barritt,31,8784 Dickinson JunctionApt. 227,1168,New Siennachester,Western Australia,Australia
528,Cad Dominichetti,63,556 Jacobson PlaceApt. 974,1126,Lake Madelineton,Western Australia,Australia
529,Heda Sheard,32,969 Addison MeadowApt. 641,1894,Jacksonton,New South Wales,Australia
530,Leroi Weal,63,2724 Madison SummitSuite 567,9367,Lake Rose,Western Australia,Australia
531,Onfre Main,55,4512 Doherty ParadeApt. 648,8873,Leebury,Queensland,Australia
532,Maiga Jeffcoate,32,66 Liam MeadowSuite 239,9064,East Max,Northern Territory,Australia
533,Ruby Extal,21,703 Jerde PlaceApt. 478,4236,West Sebastianfort,South Australia,Australia
534,Fanchette Polak,54,1936 Mccullough RidgeApt. 438,9919,Andersonburgh,Tasmania,Australia
535,Kerry Luto,56,0872 Gemma ParadeApt. 070,6593,Conroychester,South Australia,Australia
536,Kayley Shankster,32,6479 Schmidt BoulevardApt. 840,5125,Charlifort,New South Wales,Australia
537,Beverly Burbridge,45,155 Hayes AvenueApt. 699,7342,Krisland,Western Australia,Australia
538,Gabbi Champkins,27,449 John AvenueSuite 609,6968,West Lauren,Queensland,Australia
539,Sonny Tremollet,78,6481 Isaac LoopApt. 355,4362,Port Blake,Queensland,Australia
540,Maude McCaig,75,297 Ferry LaneApt. 061,8550,East Amelia,South Australia,Australia
541,Shari Rotte,73,1240 Tillman Estate DrSuite 704,5254,East Imogen,Tasmania,Australia
542,Cass Murrell,76,870 Waters SquareSuite 227,1416,East Hugo,New South Wales,Australia
543,Birgitta Mantz,50,9193 Williamson GroveSuite 080,7215,Port Annabelle,Queensland,Australia
544,Reilly Jime,30,55 Cole SummitSuite 231,2980,South Hayden,Northern Territory,Australia
545,Jakob Munks,59,27 Hermann ManorSuite 124,8864,Durgantown,Queensland,Australia
546,Dniren Borrows,47,12 Toby WayApt. 990,4797,Emilyfort,Queensland,Australia
547,Kellen Buttriss,69,4159 Abby MallApt. 142,7510,New Elibury,Northern Territory,Australia
548,Nicky Giuron,57,163 Sophia RunApt. 833,7432,West Elliestad,Northern Territory,Australia
549,Barclay Beswick,50,667 Feil RidgeSuite 935,1919,Gleasonburgh,Northern Territory,Australia
550,Marna Lammerts,22,276 Jade CourtSuite 661,4050,Sophiafurt,New South Wales,Australia
551,Theodor Skipton,68,48 Mikayla IslandApt. 883,591,Declanton,South Australia,Australia
552,Carlyle Slides,71,773 Graham IslandApt. 589,5626,Lake Hamishtown,Victoria,Australia
553,Niels Loadsman,30,0204 Andrew JunctionApt. 904,7146,Kaiview,New South Wales,Australia
554,Lisetta Griffin,56,821 Isabella JunctionApt. 238,1928,New Benjaminborough,Tasmania,Australia
555,Kalil Thal,77,78 Cassin SquareApt. 019,2156,Lake Jacobborough,Victoria,Australia
556,Nessy Kildea,61,9398 Schneider RidgeSuite 818,3140,West Kai,South Australia,Australia
557,Kyle Lowbridge,59,39 Liam ParadeApt. 343,7346,Lake Jesse,Tasmania,Australia
558,Lizette Lindro,38,380 Hamish LaneApt. 098,9827,Violetfort,South Australia,Australia
559,Florella Cowup,67,48 Liam PassApt. 280,6782,Sambury,Queensland,Australia
560,Ritchie Cromly,79,4674 Victoria DriveApt. 830,6122,Port Poppymouth,Queensland,Australia
561,Beverlee Pimlott,34,26 Beau MeadowSuite 601,2661,Aidenton,New South Wales,Australia
562,Joy Mirrlees,58,04 Spencer MallApt. 910,8257,West Rubyland,Queensland,Australia
563,Frans Crebbin,53,83 Benjamin CourtApt. 875,9574,Williammouth,Australian Capital Territory,Australia
564,Shoshana Redsell,34,65 Schroeder WayApt. 552,4054,North Marcusland,Northern Territory,Australia
565,Hoebart Edger,73,27 Kiara MeadowSuite 662,4126,Hamiltonport,Queensland,Australia
566,Melissa Partkya,23,95 Rice Station StSuite 985,2919,O'keefeton,Tasmania,Australia
567,Andi Kettleson,39,3767 Mackenzie Estate DrApt. 877,7008,East Piper,Northern Territory,Australia
568,Gallard Mangan,64,24 Jake MeadowApt. 433,9416,Chloeville,Tasmania,Australia
569,Emyle Camoletto,61,31 Heidi MeadowApt. 568,3494,West Sebastianborough,New South Wales,Australia
570,Henryetta Sheffield,35,164 Bruen MallSuite 043,4468,New Masonstad,New South Wales,Australia
571,Kristofor Roos,22,5567 Clarke MallApt. 756,4043,Jordanside,Australian Capital Territory,Australia
572,Raquela Swinnard,27,12 Nate RidgeApt. 107,7611,Sanfordton,South Australia,Australia
573,Atlante Dissman,37,80 Charles CircuitSuite 023,7541,Abbeyshire,South Australia,Australia
574,Ranna Paolillo,53,1804 Ella HillSuite 318,9400,Zacharybury,Northern Territory,Australia
575,Rickey Britt,64,8539 Archie LoopSuite 097,9118,Bahringermouth,Victoria,Australia
576,Braden Stephens,24,44 Abbott CrescentApt. 546,6665,Gabrielview,Victoria,Australia
577,Hillier Seward,32,11 Savannah LaneSuite 334,6269,Heaneyview,South Australia,Australia
578,Riordan Goreway,75,256 Andrew CrestApt. 193,8281,East Marcus,New South Wales,Australia
579,Welch Cape,45,70 Anthony DriveSuite 124,9043,Bauchhaven,South Australia,Australia
580,Tirrell Webber,25,68 Alexander PassApt. 327,648,South Harryshire,Tasmania,Australia
581,Fabian Gostage,40,11 Nader ParadeApt. 016,9022,Hackettland,South Australia,Australia
582,Amberly Seckington,65,5260 Ward IslandApt. 429,429,Skyeland,South Australia,Australia
583,Prissie Dumelow,52,98 Ellie CircleSuite 311,378,Leomouth,Northern Territory,Australia
584,Page Nise,76,85 Brown GroveSuite 561,1559,Charlieburgh,Queensland,Australia
585,Alicea Momford,23,01 Lee GroveSuite 419,3863,West Bella,South Australia,Australia
586,Wenona Stuck,34,71 Jade CrescentApt. 142,5142,Hallhaven,New South Wales,Australia
587,Carmita Grundey,35,985 Ethan AvenueSuite 122,3174,East Declanside,Queensland,Australia
588,Nicole Cheel,48,550 Alexis BoulevardSuite 124,9614,West Danieltown,Victoria,Australia
589,Calhoun Raphael,57,68 Darcy PassSuite 091,6477,Hoppetown,Queensland,Australia
590,Prentiss Stroder,31,7131 Walter GroveSuite 897,9414,Jaydenland,Northern Territory,Australia
591,Danny Brabham,30,2181 Maddison RidgeApt. 277,7591,Isabelland,Western Australia,Australia
592,Salomo Shuttell,64,88 D'amore CircleApt. 533,354,North Stephanie,South Australia,Australia
593,Dorotea Markl,22,396 Sebastian RoadSuite 553,8192,Angelinaberg,Tasmania,Australia
594,Feliks Loren,44,275 Little Estate DrApt. 926,1335,Avaton,South Australia,Australia
595,Thomasine Baudet,60,313 Grace LoopApt. 523,939,Ameliaview,South Australia,Australia
596,Rowan Medford,68,33 Jones AvenueSuite 154,2403,West Poppyborough,Victoria,Australia
597,Hi Simenel,80,78 O'hara CircuitApt. 096,1966,Lake Michaelbury,South Australia,Australia
598,Leupold Baake,65,671 Jacobson CrescentApt. 057,9740,Charlesbury,Victoria,Australia
599,Onfroi Axten,43,27 Wood MallSuite 368,520,South Justin,Victoria,Australia
600,George Ghion,50,41 Aiden WayApt. 249,2075,East Archieside,Australian Capital Territory,Australia
601,Sol Adhams,55,010 Cartwright TrackApt. 920,1625,Sebastianbury,South Australia,Australia
602,Kip Cantwell,54,157 Rice LoopSuite 716,5921,East Imogen,Western Australia,Australia
603,Tabbi Carden,50,3306 Elizabeth CrescentSuite 260,2392,Port Zacharyhaven,South Australia,Australia
604,Doralia Nyssens,75,17 Connor ParadeApt. 442,4324,Conroymouth,Australian Capital Territory,Australia
605,Stanleigh Hazelton,25,8676 William HillApt. 725,4750,Hamiltonshire,Western Australia,Australia
606,Averyl Atthow,53,24 Alexis BoulevardSuite 321,8684,Calebville,New South Wales,Australia
607,Angie O Mullen,42,8397 Davis CrescentApt. 905,8092,North Gracetown,Northern Territory,Australia
608,Lotte Jaouen,32,622 Cox WaySuite 694,6235,West Isabellaland,South Australia,Australia
609,Vin Rubenovic,61,515 Grace LaneSuite 974,5754,New Emilyton,Northern Territory,Australia
610,Sadye Pes,31,0986 Mccullough MewsSuite 467,320,New Jayden,Tasmania,Australia
611,Conny Chowne,67,09 Christopher View RdApt. 739,505,West Hayleyhaven,New South Wales,Australia
612,Leann Kittow,35,5306 Cody LaneApt. 083,9575,Angelinastad,South Australia,Australia
613,Melamie Craigmyle,78,2525 Leannon JunctionSuite 996,6475,Stellaton,New South Wales,Australia
614,Sherwynd Batsford,45,627 Weber PassApt. 498,7529,Samuelside,New South Wales,Australia
615,Jacquelin Santostefano.,42,04 Stewart WaySuite 826,5658,Willowmouth,Queensland,Australia
616,Natal Burnsides,68,706 Jessica RidgeSuite 083,8887,South Isabelle,Queensland,Australia
617,Kaine Greep,72,991 Wolf DriveApt. 413,8116,South Isabel,New South Wales,Australia
618,Ashlan Hebden,27,2000 Scarlett MallSuite 257,3334,North Baileytown,Western Australia,Australia
619,Vernon Bindley,60,2058 Claudia StreetSuite 348,3522,East Phoenixberg,Tasmania,Australia
620,Phillipe Gatecliffe,35,150 Nate LoopApt. 614,902,Jettstad,Australian Capital Territory,Australia
621,Krysta Chaster,32,3423 Jenkins PlaceApt. 152,3128,Lake Michaelland,Western Australia,Australia
622,Clem Sink,35,995 Willow ManorApt. 537,2110,Lake Victoriaside,Victoria,Australia
623,Hort Ridding,57,64 Andrew StreetSuite 948,3236,West Ashley,South Australia,Australia
624,Angelia Lasseter,46,60 Harris KnollSuite 768,9109,East Lara,Northern Territory,Australia
625,Zorina Rabl,31,7615 Hyatt TrailSuite 179,5972,Lake Phoebe,Western Australia,Australia
626,Tann Scothron,64,72 Hunter Station StApt. 220,1807,Walterstad,New South Wales,Australia
627,Codie Everly,51,66 Isla CrescentApt. 573,7404,Port Christopher,South Australia,Australia
628,Frayda Simonini,75,774 Christiansen StreetSuite 261,2197,West Sophie,Northern Territory,Australia
629,Sigismundo Basek,53,4355 Caitlin CourtApt. 697,6606,Amberland,Western Australia,Australia
630,Nicholle Coom,49,0663 Hayley TerraceApt. 069,6519,New Madisonborough,Victoria,Australia
631,Wanids Cudby,49,80 Chelsea KnollApt. 014,7749,Davidfurt,Northern Territory,Australia
632,Darby Jeffries,55,704 Wright CourtApt. 223,3450,South Anthonyburgh,Northern Territory,Australia
633,Daniel Najafian,50,2040 Kuhn TrailSuite 095,9648,North Rose,Northern Territory,Australia
634,Channa Powley,70,87 Oliver TerraceApt. 608,969,East Mackenzietown,South Australia,Australia
635,Harry Mullany,59,022 Jade Estate DrApt. 494,4796,Adamsland,New South Wales,Australia
636,Nara Legerwood,24,74 Anderson RoadApt. 779,9149,Abbottburgh,Northern Territory,Australia
637,Morie Woodfield,58,8007 Joel SquareApt. 874,7700,Lilystad,Western Australia,Australia
638,Olympia Stobbs,23,91 William IslandSuite 740,2973,Reillyborough,Victoria,Australia
639,Tobin Jeffryes,40,23 Zara KnollApt. 502,6722,Lake Alice,Victoria,Australia
640,Uriel Cottingham,49,7427 Stark CrescentSuite 975,5295,Lincolnchester,Queensland,Australia
641,Zebulon Rousel,62,87 Cruickshank Estate DrApt. 374,5934,Hamishview,New South Wales,Australia
642,Beverley Yourell,79,303 O'keefe PassApt. 658,192,North Benjamin,Tasmania,Australia
643,Pietro Duling,36,575 Olson MallApt. 344,3478,Shieldschester,Tasmania,Australia
644,Ashlie Godwyn,46,2872 Samantha ParkwaySuite 016,2620,Baileyberg,Western Australia,Australia
645,Tamarah Costley,75,988 Jacob CircuitSuite 385,1940,Greenfeldershire,Victoria,Australia
646,Staffard Ouldred,49,013 Anthony PlazaSuite 548,6691,Isabellahaven,Tasmania,Australia
647,Malory Emmison,51,118 Levi CrestApt. 495,137,Lake Nicholasfort,Australian Capital Territory,Australia
648,Jaquelyn Dow,38,854 John GroveApt. 925,1230,New Emmastad,South Australia,Australia
649,Willey Tolley,74,3796 Kayla RoadSuite 477,5825,Schneiderbury,Northern Territory,Australia
650,Hamlen Jeannon,68,497 Hudson CourtApt. 203,1882,Port Zaraberg,South Australia,Australia
651,Beckie Nasey,61,42 Max View RdSuite 078,1313,Evastad,South Australia,Australia
652,Roley Cassedy,63,59 Abbott CircuitApt. 084,9830,North Isabelleside,South Australia,Australia
653,Pieter Bruton,21,26 Jayden IslandSuite 937,789,Lachlanstad,Queensland,Australia
654,Gareth Bindon,42,8557 Bogan AvenueSuite 811,5244,West Sebastianfort,Victoria,Australia
655,Jillene Goodbanne,77,107 Xavier MewsApt. 927,3354,Mitchellhaven,South Australia,Australia
656,Nils MacVean,54,3836 Emard ParadeSuite 141,1235,North Aaron,Northern Territory,Australia
657,Orran Skip,25,95 Skye PassApt. 600,7643,Port Eveland,South Australia,Australia
658,Powell Ivakhnov,70,0162 Khan RoadApt. 211,4755,North Madeline,New South Wales,Australia
659,Ira Dafforne,57,14 O'neill View RdApt. 908,9653,Sophiemouth,Tasmania,Australia
660,Slade Villaret,47,66 Mason CrescentSuite 942,4400,Charlesshire,Australian Capital Territory,Australia
661,Engracia Abilowitz,45,4317 Holly CourtSuite 716,1431,North Beau,Western Australia,Australia
662,Nerita Peotz,58,8986 Alice IslandApt. 026,3207,Pipershire,Queensland,Australia
663,Audra Barnewelle,71,5869 Campbell WaySuite 438,8887,Lake Charlie,Australian Capital Territory,Australia
664,Dannie Fidler,32,157 Rohan MallApt. 466,4145,East Max,Tasmania,Australia
665,Jedidiah Sydall,61,1713 Cormier RunSuite 980,2022,Kiehnstad,Australian Capital Territory,Australia
666,Maggee Le Houx,72,20 Caitlin ParadeSuite 493,3159,West Nathanstad,Northern Territory,Australia
667,Annice Kelcey,30,66 Jacob PassSuite 159,4671,New Beau,Victoria,Australia
668,Dominic Caswall,61,746 Greenfelder GroveSuite 199,3948,West Matilda,Victoria,Australia
669,Bobbi Pickerill,68,1463 Hills RidgeApt. 034,4318,Bauchland,Victoria,Australia
670,Charlton Shilling,49,22 Savannah RoadApt. 276,8228,New Harrisonland,Northern Territory,Australia
671,Lucian Maymand,53,0831 Hahn HillApt. 652,587,East Abbeyborough,Tasmania,Australia
672,Levy Zappel,59,8675 Kunde TrackSuite 283,3895,North Baileyberg,Northern Territory,Australia
673,Carlynn McCabe,59,82 Hayden DriveSuite 289,426,New Angelina,South Australia,Australia
674,Marthena Matterson,36,5420 Amelia IslandSuite 286,4389,Goodwinmouth,South Australia,Australia
675,Elsi Strawbridge,20,56 Joel TrailApt. 139,2435,Port Jacob,South Australia,Australia
676,Haslett Edwins,59,140 Jessica BoulevardApt. 214,1938,Kaylafurt,Northern Territory,Australia
677,Nady Buston,33,0390 Stark RoadApt. 898,2256,North Mikayla,Tasmania,Australia
678,Dare Andrich,79,609 Rohan TerraceSuite 767,1948,East Alex,New South Wales,Australia
679,Osgood Percifer,76,7219 Charlotte SummitSuite 507,1971,Cameronton,Western Australia,Australia
680,Camellia Heatherington,78,5530 Ashton GroveSuite 128,7905,Taylorfurt,New South Wales,Australia
681,Shermy Mulbry,79,096 Gibson ManorApt. 195,1323,West Alyssaton,Victoria,Australia
682,Alon Abramsky,27,0260 Garden StreetSuite 683,6627,Sofiahaven,Western Australia,Australia
683,Esteban Hensmans,45,098 Clarke ParkwayApt. 312,3661,West Finnberg,Australian Capital Territory,Australia
684,Camala Llywarch,78,2079 Phoebe AvenueSuite 629,8834,Laurenview,Western Australia,Australia
685,Leelah Mapston,46,2154 Christian BoulevardSuite 431,4494,South Savannahside,Queensland,Australia
686,Elbertina Gaish,22,6801 Jessica JunctionApt. 868,4931,Dickensshire,Victoria,Australia
687,Amalia Eallis,22,2004 Sebastian CrescentApt. 895,8939,East Ruby,New South Wales,Australia
688,Margeaux Woodburne,40,45 Heller GroveApt. 411,3357,Abbeyview,South Australia,Australia
689,Ransell MacKilroe,62,6528 Gleason WaySuite 153,9864,North Jessemouth,Australian Capital Territory,Australia
690,Arlie Bowman,34,04 Christian RidgeApt. 329,6697,Port Annabelle,Northern Territory,Australia
691,Silvie Bortol,73,90 Fisher RoadSuite 844,1499,Abigailshire,New South Wales,Australia
692,Perceval Umbers,20,5200 Tromp Estate DrSuite 885,4058,Laraview,Tasmania,Australia
693,Hetti Fibbens,45,019 Lang SquareSuite 468,6160,Beattychester,Queensland,Australia
694,Grace Budgeon,55,647 Walter ManorSuite 680,8952,Harveyshire,Australian Capital Territory,Australia
695,Carlota Sparshott,48,65 Stokes DriveSuite 624,6533,O'reillymouth,Western Australia,Australia
696,Miner Craddock,38,8353 Bruen ParkwayApt. 455,5325,Callummouth,Australian Capital Territory,Australia
697,Antonia Yeardsley,51,96 Gabriel AvenueApt. 145,5972,Port Cody,Australian Capital Territory,Australia
698,Cary Boaler,27,623 Abigail BoulevardSuite 973,9139,New Isaac,Victoria,Australia
699,Arlan Maffini,79,4959 James HillApt. 613,2027,Westfurt,Western Australia,Australia
700,Marianne Tollow,64,1097 Leannon StreetApt. 269,5858,South Madeline,New South Wales,Australia
701,Bennett Castellanos,67,7047 Monahan CircuitApt. 207,9582,Lake Joshua,Victoria,Australia
702,Magda Dring,80,61 Bosco WaySuite 775,685,Thompsonborough,Western Australia,Australia
703,Diann Grieger,26,803 Lara DriveApt. 182,3623,Port Joeltown,South Australia,Australia
704,Willie Leader,21,788 Dickens Station StSuite 623,4600,Howellhaven,Tasmania,Australia
705,Darill Gromley,60,075 Kovacek LaneApt. 632,6357,Port Madeline,Queensland,Australia
706,Stephen MacAleese,43,72 Edward ParkwaySuite 980,7201,Lake Aiden,Northern Territory,Australia
707,Fremont Tewnion,69,66 Lillian CircuitSuite 433,7394,Krisview,Australian Capital Territory,Australia
708,Debee Lording,51,090 Christopher PlaceApt. 513,9666,West Olivertown,Western Australia,Australia
709,Lilli Bavester,65,4680 Cartwright TrailSuite 706,330,East Lillyville,Victoria,Australia
710,Avivah Roddick,60,606 Lucy ParadeSuite 217,1666,Kulasville,New South Wales,Australia
711,Lin Norville,42,84 Stewart StreetSuite 032,3738,Russelstad,Victoria,Australia
712,Elna Brimicombe,71,749 Klein SummitSuite 383,5372,Lefflermouth,Australian Capital Territory,Australia
713,Joey Duffield,71,84 Marvin CrestSuite 951,2028,Piperview,Tasmania,Australia
714,Marnie Dennington,50,644 Sophie LoopSuite 596,7260,West Addison,Northern Territory,Australia
715,Lindsey McCuthais,61,1029 Eva JunctionApt. 767,8927,Port Hunter,Tasmania,Australia
716,Cassandry Cuniffe,41,4840 Botsford ParkwaySuite 060,2694,Port Isabelle,South Australia,Australia
717,Mellisent Druhan,20,970 Braun MewsApt. 629,1564,Haydenhaven,Victoria,Australia
718,Kirbee Hardesty,23,3251 Georgia Estate DrSuite 334,7710,Lake Savannah,South Australia,Australia
719,Dori Sarney,31,13 Eve AvenueApt. 240,7763,Faheyborough,Queensland,Australia
720,Theodoric McMennum,40,31 Jordan ParadeApt. 400,1380,West Henry,South Australia,Australia
721,Jeane Witherington,25,294 Lily HillSuite 152,2248,Tobyport,Queensland,Australia
722,Rebekah Sailer,53,04 Molly PlazaApt. 632,4447,Lillyview,New South Wales,Australia
723,Drusi Eagell,34,5419 Alyssa AvenueSuite 084,9567,Lake Mitchellbury,Australian Capital Territory,Australia
724,Etheline Bahde,66,71 Annabelle RunApt. 053,110,Hoppeville,New South Wales,Australia
725,Bucky Cragell,23,345 Elijah TrailSuite 066,9174,Gracemouth,Northern Territory,Australia
726,Rey Grasner,27,50 Layla RunApt. 551,9439,Cassinport,Western Australia,Australia
727,Herschel Verdey,26,2752 Lily RoadApt. 721,3249,Jacobport,New South Wales,Australia
728,Kellie Curbishley,51,347 Gleason View RdApt. 168,7148,Lake Matildaville,Western Australia,Australia
729,Gerri McCarle,54,269 Kuhn PlazaApt. 260,7315,Cameronport,South Australia,Australia
730,Rutger Willison,73,3912 D'amore ParadeSuite 481,206,Lake Sienna,Victoria,Australia
731,Olimpia Tankus,39,6434 Callum RoadApt. 396,3505,North Jessica,Western Australia,Australia
732,Gorden Seago,80,905 Stephanie BoulevardApt. 217,8114,Port Aaronton,Queensland,Australia
733,Otto Matyasik,67,35 Hall PlazaSuite 535,8850,East Benjamin,New South Wales,Australia
734,Vivien Beatson,77,145 Glover GroveSuite 556,3608,Tylerburgh,Western Australia,Australia
735,Valentino Branney,46,8753 Jasper PlaceApt. 474,6248,Port Alanamouth,Queensland,Australia
736,Delia Mably,55,18 Eve LaneApt. 011,2962,Doylebury,Victoria,Australia
737,Zebulen Zannotti,60,868 Skye MeadowSuite 990,1762,Harveyside,Tasmania,Australia
738,Lilyan Pirt,55,261 Savannah IslandSuite 304,5450,Hollyfort,Northern Territory,Australia
739,Kristel Klaaassen,57,09 Jesse ParadeApt. 250,1335,East Matthewville,New South Wales,Australia
740,Meryl Neeson,73,7490 Lily WaySuite 419,531,Port Molly,Tasmania,Australia
741,Manuel Edis,60,19 Roberts GroveSuite 946,2422,Hallshire,New South Wales,Australia
742,Selestina Dauber,44,275 Maddison Estate DrApt. 642,8642,Port Aliview,Western Australia,Australia
743,Demetris Kamall,57,09 Christopher StreetSuite 967,6226,Lake Lukemouth,Western Australia,Australia
744,Timmy Bullivent,79,440 Ernser GroveApt. 463,9828,East Zoeshire,Northern Territory,Australia
745,Lindy Saltrese,31,15 Bruen SummitApt. 152,526,North Matthewfort,Northern Territory,Australia
746,Dennie Lawson,32,75 Ali IslandSuite 270,2913,Sarahland,Victoria,Australia
747,Cristen Hagley,25,9018 Paige WayApt. 282,4037,Lake Gabriella,Victoria,Australia
748,Grange Loding,77,4884 Piper StreetSuite 926,5104,South James,Queensland,Australia
749,Devina Squirrel,27,473 Hayden RidgeSuite 847,4298,Anthonychester,Tasmania,Australia
750,Mirabelle Vaney,42,4155 Hughes RidgeApt. 624,7850,Baumbachton,Victoria,Australia
751,Iorgos Sinisbury,39,379 Darcy Estate DrApt. 192,8869,West Anthony,Australian Capital Territory,Australia
752,Odelia Juszkiewicz,42,2123 Rolfson DriveSuite 887,4665,North Joshuafurt,Victoria,Australia
753,Mufi Sagerson,48,858 James CrestApt. 685,7077,East Jessica,Victoria,Australia
754,Ninnetta Lammin,74,94 Hayden LaneSuite 912,1488,Lake Jesse,New South Wales,Australia
755,Herbert Rock,79,04 Dare TerraceSuite 650,9976,West Aaron,New South Wales,Australia
756,Galen Sokell,34,048 Alexander WayApt. 030,6440,Quinnfort,Western Australia,Australia
757,Taffy Quimby,31,1033 Botsford Estate DrSuite 236,4773,East Xavier,New South Wales,Australia
758,Mallissa Lawdham,44,96 Bode RidgeApt. 090,697,East Madison,New South Wales,Australia
759,Charmian Wakelin,30,8867 Wolf TrailApt. 295,5234,Noahtown,Northern Territory,Australia
760,Lee Matterson,49,9067 Madeline IslandApt. 368,5781,New Ivy,South Australia,Australia
761,Jan Gligori,52,080 Tahlia LaneApt. 450,3739,West Aidanton,Victoria,Australia
762,Eloise Ondrusek,43,07 Lily LoopSuite 494,8719,South Codyhaven,Tasmania,Australia
763,Annalise Abramovitch,37,2623 Sarah IslandSuite 572,3568,Townetown,Victoria,Australia
764,Brod Phifer,32,05 Fahey CircleSuite 721,9998,Hettingerfort,Western Australia,Australia
765,Marni Figiovanni,59,8580 Moss RoadApt. 681,751,Eveside,New South Wales,Australia
766,Allix Langdale,66,6979 Mason ParadeSuite 820,2658,Port Haydenstad,New South Wales,Australia
767,Waylin Gasson,37,69 Sebastian Estate DrSuite 727,6349,West Kai,South Australia,Australia
768,Aida Warsap,52,11 Joel CircuitSuite 126,1876,Port Isabel,Northern Territory,Australia
769,Sigmund Bothen,21,1621 Marcus MeadowApt. 603,8190,West Grace,Australian Capital Territory,Australia
770,Thorsten Sowrey,50,7024 Sauer DriveSuite 553,4196,Port Isabelle,South Australia,Australia
771,Paul McGavigan,74,7367 Wright JunctionApt. 773,8882,Kuhntown,Victoria,Australia
772,Marlee Edser,71,4207 Hudson CrescentSuite 167,2915,Oscarberg,South Australia,Australia
773,Paxon O'Shiel,55,0398 Jayden TrailApt. 929,4177,Thomasborough,New South Wales,Australia
774,Ellynn Korba,34,2096 Wilson MewsApt. 714,8590,West Jonathanshire,Tasmania,Australia
775,Edee Wildt,56,868 Jonathan TrackApt. 142,8274,East Charlesfurt,Northern Territory,Australia
776,Felice Dumbleton,24,3744 Max PlaceApt. 109,8348,Harveyville,Australian Capital Territory,Australia
777,Danna Burleigh,50,7709 Ellie GroveSuite 872,2616,South Callum,New South Wales,Australia
778,Chastity Daniaud,20,33 Hamish ParkwayApt. 423,2902,Blakemouth,Northern Territory,Australia
779,Aimil Rapa,20,63 Willow Estate DrSuite 657,4604,Clarkeburgh,South Australia,Australia
780,Cinda Alleyne,55,60 Claudia LaneSuite 183,1702,Caitlinview,Victoria,Australia
781,Denny Parlour,36,2785 Morgan BoulevardApt. 849,6220,Madisonland,Victoria,Australia
782,Ansell Fudge,39,67 Ivy MewsApt. 446,2423,Schroedermouth,Queensland,Australia
783,Gusty Smallacombe,49,49 Lily RidgeSuite 143,4250,North Avabury,South Australia,Australia
784,Susy De Meyer,76,01 Monahan CircuitApt. 686,8631,Lake Kiara,Victoria,Australia
785,Jillana Blankau,54,82 Beahan BoulevardSuite 281,2683,Port Adamburgh,Northern Territory,Australia
786,Lorine McLugish,23,145 Abigail SummitApt. 514,4731,Graceville,New South Wales,Australia
787,Sharl Izzett,31,9871 Bailey SquareApt. 697,1417,Davidshire,South Australia,Australia
788,Gwenette Kahen,71,953 Durgan GroveApt. 655,6876,Phoebeberg,Queensland,Australia
789,Bone Perche,36,638 Thomas ManorApt. 038,1438,Aliceland,Western Australia,Australia
790,Drake Ivanilov,67,107 Wilkinson ParkwaySuite 249,6313,Nathanfort,Australian Capital Territory,Australia
791,Jojo Toffanini,34,3285 Kai MewsApt. 727,8839,Elijahshire,Queensland,Australia
792,Thomasa Antunez,56,76 Kiara RidgeSuite 741,4363,New Marcusmouth,Western Australia,Australia
793,Tressa Cunnane,70,7120 Piper Station StSuite 874,7795,Lake Rose,Western Australia,Australia
794,Elizabet Pippin,72,14 Clark PlazaSuite 716,9751,Port Anna,South Australia,Australia
795,Berri O' Clovan,49,487 Summer MewsApt. 874,1712,East Hayden,Australian Capital Territory,Australia
796,Perry McAless,26,082 Donnelly BoulevardSuite 569,7192,New Leah,Queensland,Australia
797,Rachelle Jelf,32,6472 Georgia CircuitApt. 986,6714,Marcusshire,Queensland,Australia
798,Adrianna Slack,56,27 Aiden KnollApt. 875,6531,Port Sam,Australian Capital Territory,Australia
799,Gibbie Beardall,67,401 Langworth CircuitSuite 015,8786,South Levi,New South Wales,Australia
800,Katusha Ceney,49,3570 Sarah AvenueApt. 092,4505,Daughertyport,Queensland,Australia
801,Morgana Weymouth,64,843 Goodwin MewsApt. 699,3128,Blakeborough,Australian Capital Territory,Australia
802,Amaleta Beange,72,26 Martin RoadSuite 393,749,Imogenmouth,Northern Territory,Australia
803,Gertrude Harriott,68,7377 Nicolas ParadeApt. 191,8377,Amyton,Australian Capital Territory,Australia
804,Catlin Schurcke,58,081 Spencer CrestApt. 246,8746,New Isabellamouth,New South Wales,Australia
805,Kilian Chinn,59,3792 Beatty MewsSuite 077,9609,Port Holly,Australian Capital Territory,Australia
806,Lonna Domange,79,865 Ivy TrailSuite 324,1265,New Joshuaview,Tasmania,Australia
807,Dena Banbrick,26,80 Adam HillSuite 633,953,Tylershire,Queensland,Australia
808,Marvin Van Hault,35,4277 Ryan IslandSuite 792,4197,Robertstown,Western Australia,Australia
809,Winn Siemandl,76,443 Holly AvenueSuite 631,8563,South Tyler,Tasmania,Australia
810,Charles Duffitt,21,93 Anna TerraceSuite 700,2355,South Maxland,Australian Capital Territory,Australia
811,Matti Anespie,72,244 Amber RunApt. 584,1781,Stantonborough,Tasmania,Australia
812,Else Bicheno,28,958 Connor MewsSuite 524,3736,Lucyport,Western Australia,Australia
813,Saul Franklyn,62,82 Kirlin StreetSuite 641,372,Tillmanview,New South Wales,Australia
814,Delilah Westmerland,46,750 Anderson ManorSuite 463,7741,Georgiachester,Northern Territory,Australia
815,Moises Gauler,34,063 Joseph CrestSuite 060,8626,Port Jonathanchester,South Australia,Australia
816,Edithe Yitshak,23,74 Justin SummitSuite 427,7131,Kaifort,Victoria,Australia
817,Joella Tiddeman,45,887 Goldner PlazaSuite 053,2166,Johnsonstad,Tasmania,Australia
818,Nathaniel McCandless,59,5085 Bergstrom MewsApt. 347,3302,West Eviebury,Western Australia,Australia
819,Pauly Matz,56,0486 Connelly MeadowApt. 273,246,West Heidiberg,Queensland,Australia
820,Normy Anlay,26,10 Imogen PassSuite 135,8014,Alexanderland,Queensland,Australia
821,Errol Berkley,74,063 Huel StreetApt. 758,4607,Haleybury,Australian Capital Territory,Australia
822,Zena McKeown,59,41 Jenkins KnollSuite 438,2588,Lake Andrewport,South Australia,Australia
823,Lennie Carabine,41,02 Adams ManorSuite 241,4450,South Jaydenfort,Queensland,Australia
824,Andonis Renfree,45,66 Dietrich HillSuite 573,2025,Avamouth,Tasmania,Australia
825,Judith Plimmer,46,271 Ava MewsApt. 686,9750,Thomaschester,Tasmania,Australia
826,Bridgette Ashman,55,868 Andrew SquareApt. 603,3216,Cooperton,Western Australia,Australia
827,Eryn Harcus,37,2813 Hall ParkwaySuite 251,9243,Lake Alicefurt,Tasmania,Australia
828,Tucky Kitchaside,57,381 Matthew Estate DrSuite 656,6351,East Zacharystad,Queensland,Australia
829,Marget Kells,39,4399 Stephanie JunctionSuite 829,6924,Baumbachtown,Victoria,Australia
830,Gertrudis Pergens,46,653 Jones AvenueApt. 945,6477,New Ruby,South Australia,Australia
831,Bancroft Mollatt,30,606 Luca ManorSuite 748,8558,Lake Dylanside,South Australia,Australia
832,Shay Beentjes,37,98 Morgan RidgeApt. 342,4181,East Hamish,Australian Capital Territory,Australia
833,Hilliard Papes,27,2376 Adams SquareSuite 443,8559,Jaspermouth,Western Australia,Australia
834,Glenn Keri,61,4838 Jacobi HillApt. 825,2848,Port Ellaside,New South Wales,Australia
835,Randell Shorte,25,69 Morissette AvenueSuite 269,6147,North Lachlanfurt,South Australia,Australia
836,Nixie Fraczak,29,164 David View RdApt. 020,3342,Ryanberg,Queensland,Australia
837,Zerk Sandercroft,53,374 Amelia ParkwaySuite 088,8542,New Marcusmouth,Northern Territory,Australia
838,Russell Hinkens,44,7347 Windler MallSuite 441,5552,South Stephaniebury,New South Wales,Australia
839,Gaylene Lazare,20,18 Patrick RidgeApt. 675,9673,Georgeshire,Northern Territory,Australia
840,Ellene Dedam,25,86 Crooks CrescentSuite 269,9366,Islamouth,Western Australia,Australia
841,Rorie Hof,23,865 Patel RoadSuite 457,9273,Kulasmouth,Western Australia,Australia
842,Millicent Stedson,70,735 Goldner AvenueSuite 768,8388,Port Kiara,Western Australia,Australia
843,Sheela Dovey,23,201 Anthony TerraceSuite 543,6272,Lake Addisonland,South Australia,Australia
844,Lorelle Lancastle,63,19 Harrison CrestSuite 331,2754,Alexandraville,South Australia,Australia
845,Zachariah Celle,53,024 Anthony TrackSuite 419,51,Hallbury,South Australia,Australia
846,Isidore Bleasdille,72,69 Michael PlazaApt. 659,6634,Davidtown,Victoria,Australia
847,Rowena Soall,61,0479 Oliver View RdApt. 112,722,Zacville,Western Australia,Australia
848,Niccolo Saurat,38,954 Jade PassSuite 344,1092,Port Sofia,Victoria,Australia
849,Gina Pollen,29,22 Welch DriveSuite 750,8453,Lake Gabrielview,New South Wales,Australia
850,Darn McAster,55,1488 Kuhn AvenueApt. 525,9923,Lillianside,New South Wales,Australia
851,Worthy Pardoe,71,71 Joseph TrailApt. 169,6648,North Emmashire,Australian Capital Territory,Australia
852,Lucas Cromly,67,079 Chase MallApt. 902,8460,O'connertown,Tasmania,Australia
853,Brenden Roast,54,614 Cooper RunSuite 917,8343,Siennabury,New South Wales,Australia
854,Lisle Worthing,74,8360 Poppy SummitSuite 841,6775,Walkertown,Victoria,Australia
855,Belita Hainey,55,603 O'keefe KnollSuite 782,8822,Port Dylanmouth,Tasmania,Australia
856,Noellyn Crellim,34,41 Toby TrailSuite 244,5925,North Jacksonstad,Northern Territory,Australia
857,Dianemarie Neicho,27,2245 Heathcote RidgeApt. 525,661,West Joelmouth,Western Australia,Australia
858,Karrah Byrd,59,8448 Jack CircleSuite 857,6955,North Thomas,Northern Territory,Australia
859,Shay Casari,38,32 Isla GroveApt. 078,7711,Rosechester,New South Wales,Australia
860,Elise Gietz,66,55 O'connell SummitSuite 045,5953,Kaiside,Australian Capital Territory,Australia
861,Bartie Sinson,44,072 Annabelle TerraceSuite 694,8739,Lucyburgh,Queensland,Australia
862,Mellisa de Courcey,63,091 Robertson TrackSuite 381,3976,North Holly,Tasmania,Australia
863,Trescha Wheal,64,89 Daniel MeadowApt. 144,2721,Charliborough,Australian Capital Territory,Australia
864,Shaina Leonards,45,1262 Jacobs Station StApt. 440,8508,New Logan,Victoria,Australia
865,Ondrea Apark,44,97 Rowe CrestApt. 828,6913,North Riley,Victoria,Australia
866,Devan Manginot,29,247 Lilly LoopSuite 186,2520,Jaydenview,South Australia,Australia
867,Hunfredo Peyto,36,68 Doyle View RdSuite 917,757,Port Davidburgh,Tasmania,Australia
868,Berry Rosiello,28,682 Alyssa CrestApt. 916,8448,New Charlieville,Western Australia,Australia
869,Vladimir Jandourek,26,950 Smith DriveApt. 385,6534,New Jackson,South Australia,Australia
870,Lorenzo Dutch,49,81 Heidi MeadowSuite 615,201,Lake Ashleyhaven,Queensland,Australia
871,Calypso Ellaway,48,174 Thomson StreetSuite 883,3471,Port Joshualand,Western Australia,Australia
872,Brendis Blackboro,74,17 Beatty Station StApt. 918,7892,West Lukeshire,New South Wales,Australia
873,Cecilla Pigford,38,5538 Jett MallSuite 854,5510,Samanthatown,Western Australia,Australia
874,Prissie Kondratovich,65,20 Hyatt LaneSuite 740,3840,South Zacmouth,Western Australia,Australia
875,Norbert Hogbin,49,794 Jett RunApt. 924,5578,North Williamchester,Western Australia,Australia
876,Glynda Dodshon,20,2352 Kutch ParkwayApt. 436,6148,New Aidenfurt,Northern Territory,Australia
877,Humfrid Boshier,35,94 Aiden LaneApt. 650,9819,West Lucyview,Northern Territory,Australia
878,Elianore Syphas,54,478 Amy RunSuite 042,5733,Lake William,Victoria,Australia
879,Rodrique Rawcliff,45,5519 Fay BoulevardApt. 838,2370,Cummingsstad,Australian Capital Territory,Australia
880,Kimbell Rawsen,41,8674 Hermiston CrestApt. 615,27,North Aaronborough,Tasmania,Australia
881,Rose Sheivels,74,30 Tyler GroveSuite 455,6912,East Andrewborough,Australian Capital Territory,Australia
882,Bartel Clemendet,43,46 Gemma BoulevardSuite 507,4847,Kiehnfurt,South Australia,Australia
883,Noel Siviour,43,8557 Samantha GroveApt. 570,5255,Beahantown,South Australia,Australia
884,Frederique Hopkins,43,6601 Grimes CircuitApt. 442,7147,Macdonaldtown,Northern Territory,Australia
885,Daniela Finnes,60,43 Mia TrailSuite 263,8571,North Nateland,South Australia,Australia
886,Emylee Buscher,69,133 Doyle PassSuite 027,6189,Thompsonport,Northern Territory,Australia
887,Killie Wigzell,61,4493 Doyle WayApt. 026,1411,South Emilyborough,Victoria,Australia
888,Teresita Ayling,22,184 Joshua CrestApt. 140,968,Ellieland,Northern Territory,Australia
889,Kaitlin Jeanes,69,709 Abigail ParadeApt. 339,4557,Beahanport,Northern Territory,Australia
890,Patrizia Timlett,71,6664 Emmerich ParkwaySuite 596,604,South Taylorside,New South Wales,Australia
891,Vinny Blackstone,52,49 Cooper RoadApt. 799,4245,Port Emmamouth,Western Australia,Australia
892,Jania Sailes,44,251 Graham KnollSuite 970,6702,West Annaton,Australian Capital Territory,Australia
893,Angelle Huby,57,9838 Madison GroveApt. 181,9608,Port Jettshire,Western Australia,Australia
894,Wadsworth Meeke,28,99 Hermiston PlaceSuite 166,3854,New Mitchell,New South Wales,Australia
895,Robena Gilbert,37,6873 Berge StreetApt. 755,6795,Lake Bellahaven,Queensland,Australia
896,Thoma Seaking,67,985 Nguyen TerraceApt. 362,7737,Ryanberg,South Australia,Australia
897,Janeta Berni,76,8325 Molly ParkwaySuite 440,1540,Dickinsonside,Queensland,Australia
898,Jillian Sauven,41,99 Sophia TrailApt. 477,3377,Angelinaport,New South Wales,Australia
899,Leonerd Vayro,42,599 Erdman StreetSuite 439,9082,South Xaviermouth,South Australia,Australia
900,Shelden Tinline,22,93 Amy GroveApt. 822,9455,East Emily,Tasmania,Australia
901,Damiano Morbey,59,96 Chelsea CrescentApt. 398,6252,Naderborough,Victoria,Australia
902,Tuesday Laytham,58,695 Zara TerraceApt. 843,5922,West Laurenstad,Tasmania,Australia
903,Leonhard Webland,48,9694 Nathan TrailApt. 206,2370,Walkerfurt,New South Wales,Australia
904,Sutherlan Stepto,48,9585 Bogan PlazaSuite 155,9829,West Dylanport,Tasmania,Australia
905,Lyssa Moreside,53,5690 Xavier ParkwaySuite 592,4786,Port Benjamin,Victoria,Australia
906,Vincent Kiledal,74,748 Lucas WayApt. 482,3515,Ebertfurt,Australian Capital Territory,Australia
907,Aindrea Franzetti,43,13 Ivy TerraceSuite 494,628,North Caitlin,South Australia,Australia
908,Kakalina Ragge,42,69 Sophie PlazaSuite 598,3603,South Alexandraview,Queensland,Australia
909,Patin Circuit,62,976 Murray Station StApt. 036,3227,Langfort,Tasmania,Australia
910,Basilio Tomsett,67,880 O'neill StreetSuite 066,7783,Scarlettfort,New South Wales,Australia
911,Ardis Widdop,41,54 Kulas HillSuite 679,2232,Mackenziechester,Northern Territory,Australia
912,Chancey Iacovozzo,60,501 Nader RidgeApt. 355,7229,West John,Tasmania,Australia
913,Taylor Milley,27,491 Xavier DriveApt. 676,9572,Port Hunter,New South Wales,Australia
914,Emmalee Camin,39,7571 Nolan CrestSuite 040,7531,South Alexview,South Australia,Australia
915,Glenine Saladine,70,9738 Liam RoadApt. 424,9647,Lukefort,Australian Capital Territory,Australia
916,Gabriella Nutman,24,06 Leah RoadSuite 691,4485,West Benjaminberg,Australian Capital Territory,Australia
917,Hadleigh Berzons,36,2475 Cox CrestSuite 319,3806,North Charlesland,Western Australia,Australia
918,Tracie Okey,69,056 Khan RidgeSuite 131,1328,Violetstad,Australian Capital Territory,Australia
919,Belia Hovard,64,443 Jesse MewsApt. 726,24,New Imogen,Queensland,Australia
920,Curcio Kiffin,72,733 Oliver WaySuite 667,3992,Rutherfordville,Northern Territory,Australia
921,Cindi McCague,73,1189 Hettinger SummitSuite 723,1758,Port Zoeborough,Australian Capital Territory,Australia
922,Adena Venn,53,048 Kayla RoadSuite 099,839,Jordanburgh,Victoria,Australia
923,Mohandis Boyett,54,2122 Justin ParadeSuite 548,119,West Victoriabury,Australian Capital Territory,Australia
924,Cherie Fairhead,58,2937 Lockman TrackSuite 047,4569,South Ellieburgh,Queensland,Australia
925,Deirdre Burle,70,6939 Isabelle Station StApt. 204,3707,Andersonchester,New South Wales,Australia
926,Vittorio Rosenstengel,68,5855 Isaac RunApt. 434,3662,East Jasper,Northern Territory,Australia
927,Joby Law,61,868 Eliza CrescentSuite 085,1341,Ryanfurt,Victoria,Australia
928,Hughie Trelease,63,5014 Gemma ParadeSuite 066,1048,Haydentown,Australian Capital Territory,Australia
929,Reba Crauford,68,394 Lily HillSuite 153,2353,Beahanfurt,Northern Territory,Australia
930,Ardath O'Keeffe,66,2771 Nader LoopSuite 372,9412,Goodwinview,Tasmania,Australia
931,Monah Belin,59,860 Morgan WayApt. 784,6089,Rubyburgh,Queensland,Australia
932,Barton Pencott,21,766 Nicholas HillSuite 869,3265,Borerfort,Western Australia,Australia
933,Lenna Beau,36,76 Thomas ParkwaySuite 490,4468,Port Lillianside,South Australia,Australia
934,Friedrick Trevaskus,44,4434 Kreiger AvenueSuite 428,3395,Aaronbury,Northern Territory,Australia
935,Pen Andrzejczak,30,09 Baumbach LoopSuite 059,2273,Lake Oliverberg,New South Wales,Australia
936,Mart Naismith,77,562 Mann MeadowApt. 977,2372,Huelfort,Australian Capital Territory,Australia
937,Judy Mesias,70,933 Jake CrestSuite 613,1824,Schneiderstad,New South Wales,Australia
938,Chev Bramwell,21,3018 Gleason CircleApt. 312,4091,Ebertport,Northern Territory,Australia
939,Renaldo Rigmand,39,078 Eli CourtApt. 580,110,East Gemma,Australian Capital Territory,Australia
940,Jamesy Rennles,46,835 Mayer ParkwaySuite 374,9769,Harberview,Tasmania,Australia
941,Egon Figliovanni,59,617 Morrison CrescentSuite 793,105,Farrellchester,New South Wales,Australia
942,Lacee Denyukin,45,040 Patrick Estate DrApt. 254,5149,North Nicholaston,Victoria,Australia
943,Correy Bacon,64,3117 Heller PlaceSuite 149,822,North Elijah,South Australia,Australia
944,Peri Pilsworth,36,409 Alyssa CourtApt. 204,8196,Walterland,Victoria,Australia
945,Lorilyn Vittet,48,8307 Matthew GroveSuite 475,3606,Stantonmouth,Australian Capital Territory,Australia
946,Raul Crilly,24,8227 Nicholas HillSuite 150,115,South Jasper,Queensland,Australia
947,Dulsea Collet,74,23 Smith StreetSuite 253,9260,South Charles,New South Wales,Australia
948,Annabela Wegenen,37,55 Anthony BoulevardApt. 474,8727,Corkeryshire,Tasmania,Australia
949,Ivan Haill,26,9450 West AvenueSuite 021,2267,Marvinstad,Australian Capital Territory,Australia
950,Eustacia Andreassen,43,3414 Mia MallApt. 446,3051,Bergefort,Victoria,Australia
951,Cy Sabbins,66,62 Jonathan CrestSuite 012,8840,New Mollystad,Tasmania,Australia
952,Geri Renton,45,268 Bayer SquareApt. 041,7392,Michaelfurt,Northern Territory,Australia
953,Berton Kilfeder,69,056 Mason CourtApt. 899,4688,Port Zacharyfurt,South Australia,Australia
954,Timmie Kelshaw,69,424 Howell GroveApt. 432,8605,Lake Evemouth,South Australia,Australia
955,Dolph Arrow,57,16 Mitchell RidgeApt. 501,5443,Lake Owenfurt,Australian Capital Territory,Australia
956,Camile Haveline,20,408 Logan View RdApt. 841,6905,New Alexchester,New South Wales,Australia
957,Felic Marrian,75,5215 Mitchell TrackSuite 778,4220,Samanthaberg,South Australia,Australia
958,Amelita Witterick,58,20 Michael GroveApt. 104,1321,North Molly,Northern Territory,Australia
959,Wallis Harlick,57,03 Madison BoulevardApt. 037,5135,Port Taylor,Western Australia,Australia
960,Michaella Venton,71,89 Nate JunctionSuite 474,1281,East Luke,Victoria,Australia
961,Phedra Klinck,70,29 Farrell ParadeSuite 818,6528,New Joseph,South Australia,Australia
962,Imelda Behneke,45,854 Aiden LoopSuite 778,5077,Hermistonton,Western Australia,Australia
963,Albina Disdel,47,639 Emard PlaceSuite 924,1331,West Luke,Northern Territory,Australia
964,Barron Pudge,30,179 Harris CrestSuite 209,6192,Harrisshire,Australian Capital Territory,Australia
965,Terri Lunny,75,4627 Paige KnollApt. 635,5542,New Callumtown,Western Australia,Australia
966,Bunni Poundsford,63,419 Logan CircuitApt. 206,2732,South Heidi,Western Australia,Australia
967,Sibby Dimitriou,58,77 Evie MeadowSuite 458,6624,West Benjaminchester,Queensland,Australia
968,Belvia Lubman,60,83 Doherty MeadowApt. 441,4274,Beahanberg,Australian Capital Territory,Australia
969,Ginnie Glasheen,77,08 Howe BoulevardApt. 286,9561,West Stella,South Australia,Australia
970,Delcine Pickthorn,44,967 Skye DriveApt. 746,7005,Lake Lincoln,Queensland,Australia
971,Constance Piddington,27,135 Ella RunApt. 424,4268,East Chasehaven,Queensland,Australia
972,Mariska Glendining,24,789 Heaney CircuitSuite 586,7625,Lake Ellie,South Australia,Australia
973,Lars Stading,60,6724 Little SummitApt. 635,9528,West Callumside,Tasmania,Australia
974,Tally Rubel,66,00 Willow PlazaApt. 126,392,South Xavierport,South Australia,Australia
975,Corilla Vicent,43,95 Violet CrestSuite 006,2849,Callumburgh,Queensland,Australia
976,Harmony Castle,68,8918 Sienna TerraceSuite 060,4578,New Charlotteville,Australian Capital Territory,Australia
977,Michell Lappine,34,9726 Eliza GroveApt. 938,3164,East Sophia,Queensland,Australia
978,Roanne Rengger,71,26 Claudia MeadowSuite 065,7819,Johnsonhaven,Australian Capital Territory,Australia
979,Cristiano Skurm,69,9009 Beahan ParadeApt. 299,8802,North Zoeside,Northern Territory,Australia
980,Sharleen Langworthy,35,317 Sophia MewsApt. 328,5926,Isaacberg,South Australia,Australia
981,Darby Aistrop,47,78 Ryan TrackSuite 283,2064,Hannahberg,Australian Capital Territory,Australia
982,Kermie Ponnsett,63,373 Lucas LaneSuite 840,6334,South Amelie,New South Wales,Australia
983,Raddy Youngs,26,520 Angus TrailApt. 975,2105,North Scarlett,New South Wales,Australia
984,Devin Lindmark,57,011 Bosco JunctionSuite 765,5603,North Mackenzieborough,Northern Territory,Australia
985,Porter Gueste,72,997 Harrison KnollSuite 735,6621,Boscoville,Victoria,Australia
986,Theodosia Postins,38,1853 Dickens LaneSuite 406,2972,Turcottetown,Australian Capital Territory,Australia
987,Grady Wipper,70,900 Jade AvenueApt. 206,5958,Thompsonbury,New South Wales,Australia
988,Tommie Benoy,35,1130 Turner Estate DrSuite 925,9386,New Harry,Western Australia,Australia
989,Sauncho Boosey,53,9003 Gemma RidgeApt. 954,698,Stewartland,Australian Capital Territory,Australia
990,Sasha Stanman,38,4199 Glover CircleApt. 446,2430,Glovershire,South Australia,Australia
991,Cristina Jowling,30,8164 Stanton IslandApt. 438,4952,North Andrew,Tasmania,Australia
992,Meredith Stansfield,39,12 Daugherty ParadeApt. 846,2358,Lake Oliviatown,Queensland,Australia
993,Orella Singyard,24,327 Abby CircleApt. 055,536,Michaelberg,Victoria,Australia
994,Vanna Densham,53,3128 Ivy CircleSuite 713,508,Hallshire,Western Australia,Australia
995,Leandra Derks,63,19 Jordan Station StSuite 655,3742,Hermistonberg,Western Australia,Australia
996,Elvira Sarfati,59,0433 Armstrong HillSuite 974,7613,Lake Danielland,Tasmania,Australia
997,Dickie Grushin,30,04 Howell PassSuite 209,6950,Ellaborough,Tasmania,Australia
998,Rebecka Fabler,32,72 Annabelle PassApt. 446,52,Kohlerberg,Queensland,Australia
999,Carita Vynarde,30,170 Wilson AvenueApt. 577,7849,East Oscarfurt,Western Australia,Australia
1000,Mandel Fairbanks,71,1671 Lauren KnollSuite 945,9012,Lake Audreyborough,Tasmania,Australia
